id,cena_pln,log_cena_pln,metraz_m2,log_metraz_m2,cena_za_m2,liczba_pokoi,pietro,pietro_maks,parter,ostatnie_pietro,dzielnica,data_pobrania
ID4Chkv,922950,13.735330340836748,43.95,3.783052624131186,21000.0,2,4.0,6.0,False,0.0,Krowodrza,2026-08-05
ID4BdMT,789000,13.578521599828012,37.72,3.6301904577652566,20917.29,2,3.0,4.0,False,0.0,Podgórze,2026-08-05
ID19USs6,799000,13.591116224748411,39.0,3.6635616461296463,20487.18,1,0.0,,True,,Grzegórzki,2026-08-05
ID4Cl6c,599000,13.303016877097589,44.0,3.784189633918261,13613.64,2,0.0,2.0,True,0.0,Prądnik Biały,2026-08-05
ID4Ctwp,760000,13.541073712262516,67.5,4.212127597878484,11259.26,4,2.0,10.0,False,0.0,Podgórze Duchackie,2026-08-05
ID4ClnF,480000,13.081541382884074,35.18,3.560477739309412,13644.12,2,4.0,4.0,False,1.0,Bieńczyce,2026-08-05
ID1bCQP7,899000,13.709038313453757,80.75,4.391357962102766,11133.13,3,3.0,,False,,Bronowice,2026-08-05
ID4Cr45,490000,13.102160670086809,34.54,3.5421180727185324,14186.45,2,7.0,10.0,False,0.0,Bieżanów-Prokocim,2026-08-05
ID4CooE,819000,13.615839362835208,56.67,4.037244970181528,14452.09,3,2.0,4.0,False,0.0,Bieżanów-Prokocim,2026-08-05
ID4Co97,680000,13.42984807715229,60.0,4.0943445622221,11333.33,3,4.0,3.0,False,0.0,Prądnik Czerwony,2026-08-05
ID4CeoX,860000,13.664687668229693,72.2,4.279440045898781,11911.36,5,2.0,11.0,False,0.0,Prądnik Czerwony,2026-08-05
ID4BalA,599000,13.303016877097589,31.72,3.456947396766647,18883.98,1,0.0,5.0,True,0.0,Krowodrza,2026-08-05
ID4Coz5,449000,13.01477816672439,36.74,3.60386607978698,12221.01,2,4.0,4.0,False,1.0,Prądnik Biały,2026-08-05
ID4Bf4c,680170,13.430098045907496,40.01,3.689129422869144,17000.0,2,2.0,8.0,False,0.0,nieznana,2026-08-05
ID4zfH9,584173,13.27795245081878,29.47,3.3833727967496032,19822.63,1,5.0,,False,,Podgórze,2026-08-05
ID1biuR0,465300,13.05043763783274,30.0,3.4011973816621555,15510.0,1,5.0,,False,,Prądnik Biały,2026-08-05
ID4CsQf,306585,12.633250320543988,22.71,3.122805356117467,13500.0,2,2.0,4.0,False,0.0,Podgórze Duchackie,2026-08-05
ID17glrd,948000,13.76210978123716,63.0,4.143134726391533,15047.62,3,1.0,,False,,Bieżanów-Prokocim,2026-08-05
ID4Csje,1499000,14.220308777084735,62.62,4.1370847158982595,23938.04,3,3.0,6.0,False,0.0,Stare Miasto,2026-08-05
ID4Cpo5,399000,12.896716695872,26.05,3.260017768199376,15316.7,1,5.0,5.0,False,1.0,Krowodrza,2026-08-05
ID4Co7x,518000,13.15773052124162,37.05,3.612268351742096,13981.11,2,5.0,11.0,False,0.0,Bieńczyce,2026-08-05
ID4CwCk,685167,13.437417883151475,46.61,3.8418151103846494,14700.0,3,4.0,5.0,False,0.0,Krowodrza,2026-08-05
ID4Cpee,259000,12.464583340681674,16.7,2.8154087194227095,15508.98,1,0.0,2.0,True,0.0,Bronowice,2026-08-05
ID1bBwUn,1169000,13.971659240454205,142.0,4.955827057601261,8232.39,4,1.0,,False,,Łagiewniki-Borek Fałęcki,2026-08-05
ID1arhZL,879000,13.686540176667314,60.0,4.0943445622221,14650.0,4,1.0,,False,,Dębniki,2026-08-05
ID4Cq7D,486000,13.093963902882631,43.34,3.769075996108213,11213.66,2,0.0,4.0,True,0.0,Prądnik Czerwony,2026-08-05
ID1bjzps,850000,13.652991628466498,56.8,4.039536325727106,14964.79,3,9.0,,False,,Bieżanów-Prokocim,2026-08-05
ID4BHMb,620000,13.337474757021274,39.92,3.686877451443263,15531.06,2,1.0,5.0,False,0.0,Prądnik Biały,2026-08-05
ID1bzZQ3,735200,13.507897850023614,43.45,3.7716108517114018,16920.6,2,1.0,,False,,Prądnik Biały,2026-08-05
ID4CsqJ,650000,13.38472764187182,50.07,3.9134220263418538,12981.83,2,0.0,4.0,True,0.0,Prądnik Biały,2026-08-05
ID4CgZ1,549000,13.215853720491667,39.7,3.681351187693145,13828.72,2,0.0,10.0,True,0.0,Prądnik Biały,2026-08-05
ID1b8RSs,699000,13.457406021215949,38.0,3.6375861597263857,18394.74,2,5.0,,False,,Podgórze Duchackie,2026-08-05
ID4BzQq,535000,13.190022025878145,51.0,3.9318256327243257,10490.2,2,1.0,2.0,False,0.0,Nowa Huta,2026-08-05
ID4Cl3x,539000,13.197470849891134,36.0,3.58351893845611,14972.22,2,4.0,4.0,False,1.0,Dębniki,2026-08-05
ID4AUKS,1800000,14.403297222866392,97.39,4.578723535973108,18482.39,4,4.0,4.0,False,1.0,Dębniki,2026-08-05
ID4BNpu,260000,12.468436909997664,17.0,2.833213344056216,15294.12,1,0.0,4.0,True,0.0,Grzegórzki,2026-08-05
ID4CnVn,729000,13.499429010990797,50.0,3.912023005428146,14580.0,2,3.0,3.0,False,1.0,Dębniki,2026-08-05
ID4CwhK,2499000,14.73140120981709,140.0,4.941642422609304,17850.0,5,1.0,2.0,False,0.0,Prądnik Biały,2026-08-05
ID4Cd5F,949000,13.763164077592064,66.68,4.199905057882593,14232.15,4,0.0,1.0,True,0.0,Prądnik Biały,2026-08-05
ID1bmZ6W,1345000,14.111904571018076,103.5,4.639571612705423,12995.17,4,1.0,,False,,Bieżanów-Prokocim,2026-08-05
ID1bEUl6,620000,13.337474757021274,21.57,3.071303460401065,28743.63,1,3.0,,False,,Stare Miasto,2026-08-05
ID4C3tU,946491,13.760516740869985,52.59,3.962525987601253,17997.55,3,0.0,7.0,True,0.0,Podgórze,2026-08-05
ID4BMBX,615000,13.329377546788654,39.0,3.6635616461296463,15769.23,2,10.0,10.0,False,1.0,Dębniki,2026-08-05
ID4CpSZ,730000,13.500799813124576,62.0,4.127134385045092,11774.19,3,3.0,,False,,Bieńczyce,2026-08-05
ID4Cjk8,540000,13.199324418540456,38.37,3.647275904258861,14073.49,2,4.0,4.0,False,1.0,Bieżanów-Prokocim,2026-08-05
ID4AONc,644000,13.37545400508649,39.41,3.674019591206912,16341.03,2,1.0,2.0,False,0.0,Prądnik Biały,2026-08-05
ID4Crp8,929000,13.741864017795976,65.0,4.174387269895637,14292.31,3,0.0,3.0,True,0.0,Dębniki,2026-08-05
ID4C2v7,850000,13.652991628466498,52.0,3.951243718581427,16346.15,2,2.0,2.0,False,1.0,Zwierzyniec,2026-08-05
ID4Csv2,929000,13.741864017795976,50.0,3.912023005428146,18580.0,3,4.0,6.0,False,0.0,Prądnik Biały,2026-08-05
ID4Co1U,720342,13.487481378215447,57.17,4.04602928527588,12600.0,4,1.0,4.0,False,0.0,Bieżanów-Prokocim,2026-08-05
ID4CnIQ,798000,13.589863876431943,49.92,3.910421724061172,15985.58,2,3.0,7.0,False,0.0,Prądnik Biały,2026-08-05
ID4CdIf,949999,13.764216210944593,70.65,4.257738109130536,13446.55,4,7.0,11.0,False,0.0,Podgórze Duchackie,2026-08-05
ID1b1J8c,499000,13.120361374733656,30.0,3.4011973816621555,16633.33,1,3.0,,False,,Krowodrza,2026-08-05
ID4yUSm,1992483,14.504892157615128,68.73,4.230185785133514,28990.0,3,3.0,4.0,False,0.0,Podgórze,2026-08-05
ID4CpOq,350000,12.765688433465597,27.0,3.295836866004329,12962.96,1,1.0,1.0,False,1.0,Podgórze,2026-08-05
ID18tbQD,183600,12.120514757168529,28.9,3.3638415951183864,6352.94,1,,,False,,Podgórze,2026-08-05
ID4Co1q,485000,13.09190416991962,35.86,3.5796224681769866,13524.82,2,3.0,4.0,False,0.0,Bieńczyce,2026-08-05
ID4Cq5Y,569000,13.251635713108469,38.4,3.648057459593681,14817.71,2,4.0,10.0,False,0.0,Krowodrza,2026-08-05
ID4CgZf,1599999,14.285513562209816,162.48,5.090554917272129,9847.36,6,9.0,10.0,False,0.0,Bronowice,2026-08-05
ID4CqqR,219000,12.29682700879864,17.0,2.833213344056216,12882.35,1,-1.0,,False,,Bieżanów-Prokocim,2026-08-05
ID4CpNQ,537000,13.193753373491,36.0,3.58351893845611,14916.67,1,0.0,4.0,True,0.0,Dębniki,2026-08-05
ID4BTSd,549000,13.215853720491667,50.0,3.912023005428146,10980.0,2,2.0,6.0,False,0.0,Nowa Huta,2026-08-05
ID4CgLz,849000,13.651814465293484,64.5,4.1666652238017265,13162.79,3,1.0,2.0,False,0.0,Wzgórza Krzesławickie,2026-08-05
ID1bIIWs,639000,13.367659733359671,40.16,3.6928714753834737,15911.35,2,6.0,,False,,Krowodrza,2026-08-05
ID4BFum,780000,13.567049198665774,54.0,3.9889840465642745,14444.44,3,0.0,4.0,True,0.0,Dębniki,2026-08-05
ID1bEz1G,419000,12.945626198904275,29.5,3.3843902633457743,14203.39,1,0.0,,True,,Prądnik Biały,2026-08-05
ID4A50O,1060537,13.874285941581466,84.29,4.434263234009391,12582.0,4,0.0,6.0,True,0.0,Prądnik Biały,2026-08-05
ID4BUx5,510000,13.142166004700508,36.8,3.605497845174886,13858.7,2,4.0,4.0,False,1.0,Bieżanów-Prokocim,2026-08-05
ID4BKzG,2349000,14.66950026364105,90.4,4.504244267398131,25984.51,3,2.0,4.0,False,0.0,Podgórze,2026-08-05
ID1bCowd,649000,13.383187995686226,37.24,3.617383452408866,17427.5,2,2.0,,False,,Dębniki,2026-08-05
ID4Cl5V,959000,13.773646353865574,60.0,4.0943445622221,15983.33,3,3.0,5.0,False,0.0,Dębniki,2026-08-05
ID4Crdl,790000,13.579788224443204,50.1,3.914021008090819,15768.46,3,0.0,5.0,True,0.0,Krowodrza,2026-08-05
ID1bJobc,535000,13.190022025878145,34.0,3.5263605246161616,15735.29,1,2.0,,False,,Podgórze Duchackie,2026-08-05
ID1bJ3nP,555000,13.226723392728571,41.1,3.716008121502189,13503.65,1,0.0,,True,,Bieżanów-Prokocim,2026-08-05
ID4CwQ5,675000,13.422467969854669,45.5,3.817712325956905,14835.16,3,2.0,4.0,False,0.0,Wzgórza Krzesławickie,2026-08-05
ID4BPvI,595000,13.296316684527769,41.2,3.7184382563554808,14441.75,2,0.0,5.0,True,0.0,Prądnik Biały,2026-08-05
ID4Cos7,579000,13.269057756555132,33.52,3.5121422756138823,17273.27,2,1.0,6.0,False,0.0,Czyżyny,2026-08-05
ID18egG6,549000,13.215853720491667,26.0,3.258096538021482,21115.38,1,4.0,,False,,Stare Miasto,2026-08-05
ID1brYFN,599000,13.303016877097589,40.6,3.703768066607687,14753.69,2,0.0,,True,,Grzegórzki,2026-08-05
ID4CsxS,459000,13.036805489042685,34.1,3.529297384289471,13460.41,2,2.0,4.0,False,0.0,Mistrzejowice,2026-08-05
ID4CsR9,1189999,13.989463024751224,70.0,4.248495242049359,16999.99,4,7.0,11.0,False,0.0,Podgórze Duchackie,2026-08-05
ID4CtHA,569000,13.251635713108469,37.0,3.610917912644224,15378.38,1,3.0,4.0,False,0.0,Podgórze,2026-08-05
ID4CnOs,429000,12.969212197910156,36.62,3.6005945392463645,11714.91,2,4.0,4.0,False,1.0,Bieżanów-Prokocim,2026-08-05
ID4BVOL,251775,12.436291110516343,18.65,2.9258461460898246,13500.0,1,1.0,4.0,False,0.0,Podgórze Duchackie,2026-08-05
ID1bEAIV,665000,13.407542319637992,41.0,3.713572066704308,16219.51,2,4.0,,False,,Krowodrza,2026-08-05
ID1bJlr4,590000,13.287877815881902,54.0,3.9889840465642745,10925.93,3,4.0,,False,,Prądnik Biały,2026-08-05
ID4CpEr,735000,13.507625778194974,58.0,4.060443010546419,12672.41,2,2.0,4.0,False,0.0,Dębniki,2026-08-05
ID4CwHw,700000,13.458835614025542,54.0,3.9889840465642745,12962.96,3,1.0,2.0,False,0.0,Dębniki,2026-08-05
ID4BNv4,879000,13.686540176667314,60.5,4.102643365036796,14528.93,4,0.0,2.0,True,0.0,Dębniki,2026-08-05
ID4BDYE,339000,12.733755386362589,58.5,4.069026754237811,5794.87,2,6.0,8.0,False,0.0,Podgórze Duchackie,2026-08-05
ID4Cjl3,1170000,13.972514306773938,71.3,4.26689632742025,16409.54,3,2.0,5.0,False,0.0,Prądnik Biały,2026-08-05
ID1bJdGA,630000,13.353475098367715,44.0,3.784189633918261,14318.18,2,3.0,,False,,Prądnik Biały,2026-08-05
ID4AuN8,715000,13.480037821676143,51.4,3.93963817246112,13910.51,3,2.0,2.0,False,1.0,Łagiewniki-Borek Fałęcki,2026-08-05
ID4Copx,550000,13.217673557208654,47.5,3.8607297110405954,11578.95,2,3.0,4.0,False,0.0,Nowa Huta,2026-08-05
ID1bDxkX,665000,13.407542319637992,43.0,3.7612001156935624,15465.12,2,7.0,,False,,Prądnik Czerwony,2026-08-05
ID4Cw74,615000,13.329377546788654,43.0,3.7612001156935624,14302.33,2,0.0,,True,,Dębniki,2026-08-05
ID4CsD0,789000,13.578521599828012,51.28,3.9373008126124143,15386.12,3,0.0,2.0,True,0.0,Swoszowice,2026-08-05
ID4CwWi,1150000,13.955272500339431,85.2,4.44500143383527,13497.65,5,3.0,4.0,False,0.0,Podgórze Duchackie,2026-08-05
ID4Cp8R,649990,13.38471225713809,40.93,3.7118632905043114,15880.53,2,2.0,4.0,False,0.0,Bronowice,2026-08-05
ID4CwdR,835000,13.635187003832993,55.15,4.0100567456995115,15140.53,4,3.0,4.0,False,0.0,Prądnik Biały,2026-08-05
ID4Cp74,459000,13.036805489042685,30.27,3.410157123033627,15163.53,2,5.0,10.0,False,0.0,Łagiewniki-Borek Fałęcki,2026-08-05
ID4CboX,729000,13.499429010990797,52.6,3.962716119743664,13859.32,3,3.0,10.0,False,0.0,Bieżanów-Prokocim,2026-08-05
ID1bEV5n,999000,13.81451005763069,58.22,4.064228938317477,17159.05,3,3.0,,False,,Prądnik Biały,2026-08-05
ID4yUSh,2941263,14.894349638903444,98.37,4.588735879524666,29900.0,4,2.0,4.0,False,0.0,Podgórze,2026-08-05
ID4Cs7v,465000,13.049792684569493,31.0,3.4339872044851463,15000.0,1,5.0,10.0,False,0.0,Mistrzejowice,2026-08-05
ID4Cthj,475000,13.071070083016778,38.21,3.643097261458808,12431.3,1,3.0,3.0,False,1.0,Dębniki,2026-08-05
ID4Cnmn,2150000,14.580978400103843,130.0,4.867534450455582,16538.46,4,10.0,10.0,False,1.0,Prądnik Czerwony,2026-08-05
ID4CblI,630000,13.353475098367715,39.2,3.6686767467964168,16071.43,2,2.0,4.0,False,0.0,Czyżyny,2026-08-05
ID4CwaE,589000,13.286181462633724,38.0,3.6375861597263857,15500.0,2,1.0,4.0,False,0.0,Bieżanów-Prokocim,2026-08-05
ID4BZv5,795000,13.58609739363647,57.0,4.04305126783455,13947.37,3,0.0,10.0,True,0.0,Krowodrza,2026-08-05
ID4zOqJ,599000,13.303016877097589,57.0,4.04305126783455,10508.77,4,3.0,4.0,False,0.0,Mistrzejowice,2026-08-05
ID1bcQ35,390000,12.873902018105827,24.0,3.1780538303479458,16250.0,1,-1.0,,False,,Stare Miasto,2026-08-05
ID4Cst0,199000,12.201060103706627,15.45,2.7376090033437546,12880.26,1,0.0,4.0,True,0.0,Stare Miasto,2026-08-05
ID4CqFV,674000,13.420985389894444,42.16,3.741471904233107,15986.72,3,3.0,4.0,False,0.0,Prądnik Biały,2026-08-05
ID4C9zi,486000,13.093963902882631,43.4,3.770459441106359,11198.16,2,0.0,4.0,True,0.0,Prądnik Czerwony,2026-08-05
ID4udCY,779841,13.566845331732477,50.97,3.93123722435195,15300.0,2,2.0,3.0,False,0.0,Dębniki,2026-08-05
ID17Hqnv,759000,13.539757056377766,47.5,3.8607297110405954,15978.95,3,0.0,,True,,Prądnik Biały,2026-08-05
ID1bvj2Y,577000,13.265597545490236,43.08,3.763058852288187,13393.69,2,1.0,,False,,Bieżanów-Prokocim,2026-08-05
ID4ClwZ,304000,12.62478298038836,22.5,3.1135153092103742,13511.11,2,1.0,3.0,False,0.0,Bieżanów-Prokocim,2026-08-05
ID4CrFX,670000,13.415032991367148,46.27,3.834493802918909,14480.22,3,3.0,10.0,False,0.0,Łagiewniki-Borek Fałęcki,2026-08-05
ID4Cjwc,300000,12.611537753638338,20.12,3.0017143452315387,14910.54,1,3.0,4.0,False,0.0,Bieżanów-Prokocim,2026-08-05
ID4CnOO,189000,12.14950229404178,16.7,2.8154087194227095,11317.37,1,0.0,2.0,True,0.0,Swoszowice,2026-08-05
ID4ClDF,769000,13.55284624848778,48.3,3.877431560658527,15921.33,2,3.0,4.0,False,0.0,Bieżanów-Prokocim,2026-08-05
ID4CeIj,489000,13.10011776845701,38.17,3.6420498667571386,12811.11,2,3.0,5.0,False,0.0,Stare Miasto,2026-08-05
ID4CpDj,849900,13.652873974486718,55.0,4.007333185232471,15452.73,3,0.0,5.0,True,0.0,Dębniki,2026-08-05
ID4BvYz,895000,13.704578997256991,62.1,4.128745988939433,14412.24,3,8.0,10.0,False,0.0,Podgórze Duchackie,2026-08-05
ID4B7Fh,1109000,13.918969266332503,42.67,3.7534960971999087,25990.16,2,6.0,6.0,False,1.0,Dębniki,2026-08-05
ID4waaU,1035900,13.850781172046194,60.52,4.102973888920155,17116.66,3,1.0,3.0,False,0.0,Dębniki,2026-08-05
ID1bjsuk,520000,13.16158409055761,40.0,3.688879454113936,13000.0,2,3.0,,False,,Nowa Huta,2026-08-05
ID4Coxi,500000,13.122363377404328,38.0,3.6375861597263857,13157.89,1,4.0,4.0,False,1.0,Bieżanów-Prokocim,2026-08-05
ID4Cmxm,693998,13.450224357640408,44.0,3.784189633918261,15772.68,3,1.0,4.0,False,0.0,Bieńczyce,2026-08-05
ID1bHIga,580000,13.270783382522602,35.5,3.56953269648137,16338.03,2,0.0,,True,,Grzegórzki,2026-08-05
ID4CiHw,579000,13.269057756555132,45.0,3.80666248977032,12866.67,4,10.0,11.0,False,0.0,nieznana,2026-08-05
ID4BxTC,859000,13.663524200966393,80.08,4.383026135006965,10726.77,5,2.0,2.0,False,1.0,Stare Miasto,2026-08-05
ID4Chi0,425000,12.959844447906551,34.0,3.5263605246161616,12500.0,1,4.0,4.0,False,1.0,Nowa Huta,2026-08-05
ID4BXl5,529000,13.178743710840436,45.26,3.8124236402053913,11688.02,2,4.0,4.0,False,1.0,Nowa Huta,2026-08-05
ID4BByF,865000,13.670484785914017,72.4,4.282206299391671,11947.51,4,7.0,10.0,False,0.0,Prądnik Czerwony,2026-08-05
ID4Cl7l,575000,13.262125319779487,32.34,3.4763048541489607,17779.84,2,0.0,6.0,True,0.0,Czyżyny,2026-08-05
ID1aPHkD,689000,13.442996549995796,39.0,3.6635616461296463,17666.67,2,1.0,,False,,Krowodrza,2026-08-05
ID4ChuE,990000,13.805460222110773,54.0,3.9889840465642745,18333.33,3,2.0,3.0,False,0.0,Podgórze,2026-08-05
ID4CtpI,685000,13.437174117244362,43.0,3.7612001156935624,15930.23,2,3.0,4.0,False,0.0,Podgórze,2026-08-05
ID4Coc1,495000,13.112313041550829,25.8,3.250374491927572,19186.05,1,3.0,4.0,False,0.0,Bronowice,2026-08-05
ID4Cl48,949000,13.763164077592064,80.0,4.382026634673881,11862.5,3,5.0,5.0,False,1.0,Dębniki,2026-08-05
ID4Cqil,1099000,13.909911233385758,120.0,4.787491742782046,9158.33,4,1.0,2.0,False,0.0,Prądnik Biały,2026-08-05
ID1bBjuX,429000,12.969212197910156,26.07,3.2607852279454104,16455.7,1,2.0,,False,,Podgórze Duchackie,2026-08-05
ID4Ctt2,1330000,14.100689500197936,63.62,4.152927886320998,20905.38,3,3.0,4.0,False,0.0,Krowodrza,2026-08-05
ID4CrLl,647000,13.380101573483037,30.84,3.4288125486951286,20979.25,2,5.0,6.0,False,0.0,Krowodrza,2026-08-05
ID4uckt,1329000,14.099937337695382,99.62,4.601362947645137,13340.69,4,0.0,1.0,True,0.0,Bieżanów-Prokocim,2026-08-05
ID4uyOH,280000,12.542544882151386,21.0,3.044522437723423,13333.33,1,0.0,1.0,True,0.0,Prądnik Biały,2026-08-05
ID4BXCb,549000,13.215853720491667,38.8,3.658420246629228,14149.48,2,5.0,9.0,False,0.0,Bieżanów-Prokocim,2026-08-05
ID4BWdQ,599000,13.303016877097589,47.6,3.8628327612373745,12584.03,3,3.0,4.0,False,0.0,Prądnik Biały,2026-08-05
ID1b4bk8,514000,13.1499785444373,29.0,3.367295829986474,17724.14,1,0.0,,True,,Dębniki,2026-08-05
ID4A2HB,289000,12.57418196709457,29.1,3.370738174177447,9931.27,2,0.0,2.0,True,0.0,Prądnik Biały,2026-08-05
ID4Ctkv,529000,13.178743710840436,34.8,3.5496173867804286,15201.15,1,2.0,4.0,False,0.0,Podgórze Duchackie,2026-08-05
ID4Bt3D,1135000,13.94214320889764,82.26,4.409884962802278,13797.71,4,3.0,4.0,False,0.0,Prądnik Biały,2026-08-05
ID1bzeHr,319000,12.672946381766982,16.0,2.772588722239781,19937.5,1,1.0,,False,,Prądnik Biały,2026-08-05
ID4CrLT,829000,13.627975434117433,62.0,4.127134385045092,13370.97,3,4.0,10.0,False,0.0,Podgórze Duchackie,2026-08-05
ID1bJmrM,879000,13.686540176667314,62.66,4.137723285524046,14028.09,3,2.0,,False,,Nowa Huta,2026-08-05
ID4BYqF,699000,13.457406021215949,42.0,3.737669618283368,16642.86,2,0.0,3.0,True,0.0,Podgórze,2026-08-05
ID4CnJK,889000,13.69785251449604,59.0,4.07753744390572,15067.8,3,3.0,6.0,False,0.0,Bieżanów-Prokocim,2026-08-05
ID4BtBP,999000,13.81451005763069,70.0,4.248495242049359,14271.43,3,0.0,1.0,True,0.0,Krowodrza,2026-08-05
ID4pAxs,1199000,13.996998434009653,125.22,4.830072190317164,9575.15,6,0.0,2.0,True,0.0,Nowa Huta,2026-08-05
ID4Cp5j,610000,13.321214236149494,47.4,3.858622228701031,12869.2,3,0.0,4.0,True,0.0,Mistrzejowice,2026-08-05
ID4Clwa,699000,13.457406021215949,48.24,3.87618855241893,14490.05,2,1.0,3.0,False,0.0,Dębniki,2026-08-05
ID18ZywA,630000,13.353475098367715,42.8,3.756538102587751,14719.63,2,0.0,,True,,Mistrzejowice,2026-08-05
ID4BBSn,979000,13.794286921512647,71.88,4.274998061915358,13619.92,3,2.0,3.0,False,0.0,Bieżanów-Prokocim,2026-08-05
ID4Csfu,490000,13.102160670086809,24.5,3.1986731175506815,20000.0,1,3.0,4.0,False,0.0,nieznana,2026-08-05
ID4CwSu,782000,13.569610019527447,49.5,3.901972669574645,15797.98,3,4.0,10.0,False,0.0,Bieżanów-Prokocim,2026-08-05
ID4Cnd4,749000,13.526494262499355,85.19,4.444884056054749,8792.11,4,1.0,2.0,False,0.0,Podgórze,2026-08-05
ID4CqFO,660000,13.399995114002609,36.0,3.58351893845611,18333.33,2,1.0,5.0,False,0.0,Dębniki,2026-08-05
ID4Ct0s,1089000,13.900770401915098,50.0,3.912023005428146,21780.0,3,0.0,7.0,True,0.0,Grzegórzki,2026-08-05
ID1bH048,815000,13.610943392223,58.84,4.074821895733237,13851.12,3,0.0,,True,,Podgórze Duchackie,2026-08-05
ID1aVrse,300000,12.611537753638338,22.0,3.091042453358316,13636.36,1,0.0,,True,,Podgórze,2026-08-05
ID1bHj90,1190000,13.989463865087712,61.0,4.110873864173311,19508.2,3,2.0,,False,,Podgórze Duchackie,2026-08-05
ID4BWgS,650000,13.38472764187182,44.0,3.784189633918261,14772.73,2,1.0,3.0,False,0.0,Bieżanów-Prokocim,2026-08-05
ID4CmS8,1090000,13.901688254205329,78.42,4.362078996864185,13899.52,4,3.0,4.0,False,0.0,Bieżanów-Prokocim,2026-08-05
ID4BNLn,620000,13.337474757021274,51.8,3.9473901492654377,11969.11,2,4.0,4.0,False,1.0,Krowodrza,2026-08-05
ID4CuW3,695000,13.45166712454693,55.24,4.0116873285410914,12581.46,2,3.0,4.0,False,0.0,Podgórze Duchackie,2026-08-05
ID4CgIT,635000,13.36138027787483,56.8,4.039536325727106,11179.58,3,4.0,10.0,False,0.0,Podgórze Duchackie,2026-08-05
ID4CsEL,635000,13.36138027787483,44.0,3.784189633918261,14431.82,3,0.0,2.0,True,0.0,Swoszowice,2026-08-05
ID4BXSl,665000,13.407542319637992,42.96,3.7602694502006098,15479.52,2,1.0,,False,,Grzegórzki,2026-08-05
ID4CgWG,179000,12.095141084822892,13.9,2.631888840136646,12877.7,1,,,False,,Łagiewniki-Borek Fałęcki,2026-08-05
ID4CwfB,706660,13.46830492397332,39.7,3.681351187693145,17800.0,2,1.0,7.0,False,0.0,nieznana,2026-08-05
ID4skmf,638000,13.366093562326927,34.0,3.5263605246161616,18764.71,2,1.0,2.0,False,0.0,Dębniki,2026-08-05
ID4yfhV,698512,13.456707637202308,46.88,3.8475911452687575,14900.0,2,1.0,2.0,False,0.0,Bieżanów-Prokocim,2026-08-05
ID1bs6hQ,519000,13.159659162148026,35.01,3.555633734966574,14824.34,1,1.0,,False,,Bieżanów-Prokocim,2026-08-05
ID4CrHr,755000,13.534473028231162,37.79,3.6320445173613978,19978.83,2,2.0,3.0,False,0.0,Czyżyny,2026-08-05
ID4BRoj,525000,13.17115354157376,40.0,3.688879454113936,13125.0,1,,,False,,Stare Miasto,2026-08-05
ID4CwT9,709279,13.472004240097444,32.93,3.494384096388273,21538.99,1,1.0,6.0,False,0.0,Podgórze,2026-08-05
ID4CwNF,925740,13.738348696665126,62.55,4.13596623691292,14800.0,3,0.0,1.0,True,0.0,Prądnik Biały,2026-08-05
ID4B6Kk,640000,13.369223455335854,52.4,3.958906591326997,12213.74,2,3.0,4.0,False,0.0,Grzegórzki,2026-08-05
ID4ChyG,449000,13.01477816672439,36.0,3.58351893845611,12472.22,2,2.0,4.0,False,0.0,Nowa Huta,2026-08-05
ID4CsiL,730000,13.500799813124576,52.06,3.9523968995664194,14022.28,3,3.0,10.0,False,0.0,Bieżanów-Prokocim,2026-08-05
ID4BPm6,790000,13.579788224443204,62.0,4.127134385045092,12741.94,3,5.0,6.0,False,0.0,Nowa Huta,2026-08-05
ID4BzUi,390000,12.873902018105827,33.0,3.49650756146648,11818.18,2,-1.0,3.0,False,0.0,Podgórze,2026-08-05
ID4CiY6,599000,13.303016877097589,52.21,3.955274047422461,11472.9,3,1.0,3.0,False,0.0,Swoszowice,2026-08-05
ID4Chn2,1470000,14.20077295875492,83.1,4.420044701861403,17689.53,4,1.0,4.0,False,0.0,Stare Miasto,2026-08-05
ID1aT7Ry,759000,13.539757056377766,53.0,3.970291913552122,14320.75,3,2.0,,False,,Czyżyny,2026-08-05
ID4C3Ul,412243,12.929368260289811,37.48,3.6238074573702215,10999.0,2,1.0,13.0,False,0.0,nieznana,2026-08-05
ID4ASUf,600000,13.304684934198283,40.0,3.688879454113936,15000.0,2,0.0,3.0,True,0.0,Podgórze,2026-08-05
ID1bIgME,799000,13.591116224748411,40.0,3.688879454113936,19975.0,2,,,False,,Prądnik Czerwony,2026-08-05
ID4Cnsm,450000,13.017002861746503,27.8,3.325036020696591,16187.05,1,2.0,3.0,False,0.0,Podgórze,2026-08-05
ID4BNFM,690000,13.444446876573442,46.0,3.828641396489095,15000.0,3,1.0,10.0,False,0.0,Krowodrza,2026-08-05
ID4ANTy,598000,13.301346032932768,45.8,3.824284091120139,13056.77,2,4.0,4.0,False,1.0,Prądnik Biały,2026-08-05
ID4ClOz,950000,13.764217263576723,72.5,4.283586561860629,13103.45,4,3.0,4.0,False,0.0,Podgórze Duchackie,2026-08-05
ID4CntW,579000,13.269057756555132,38.0,3.6375861597263857,15236.84,1,3.0,4.0,False,0.0,Podgórze,2026-08-05
ID4BYVW,550000,13.217673557208654,37.35,3.6203329115788265,14725.57,2,4.0,4.0,False,1.0,Mistrzejowice,2026-08-05
ID4C9um,1399999,14.151982080299518,70.54,4.256179924807906,19846.88,4,0.0,2.0,True,0.0,Stare Miasto,2026-08-05
ID4BPiR,995000,13.81049801614073,75.4,4.32280727501391,13196.29,4,3.0,4.0,False,0.0,Dębniki,2026-08-05
ID4CkTq,719000,13.485616636703185,56.0,4.02535169073515,12839.29,3,2.0,3.0,False,0.0,Łagiewniki-Borek Fałęcki,2026-08-05
ID4CrJg,679000,13.428376406540831,40.0,3.688879454113936,16975.0,2,1.0,7.0,False,0.0,Podgórze,2026-08-05
ID4Cnub,350000,12.765688433465597,27.0,3.295836866004329,12962.96,1,1.0,,False,,Podgórze,2026-08-05
ID4Csvp,769000,13.55284624848778,54.0,3.9889840465642745,14240.74,3,0.0,10.0,True,0.0,Bronowice,2026-08-05
ID1bx1z2,375000,12.834681304952548,28.0,3.332204510175204,13392.86,1,2.0,,False,,Wzgórza Krzesławickie,2026-08-05
ID4sfj2,299000,12.608198852372825,24.0,3.1780538303479458,12458.33,1,1.0,1.0,False,1.0,Prądnik Biały,2026-08-05
ID4BWxM,559000,13.233904752137237,33.95,3.5248888540047054,16465.39,2,1.0,3.0,False,0.0,Bieżanów-Prokocim,2026-08-05
ID1bGhmA,1500000,14.22097566607244,70.0,4.248495242049359,21428.57,3,2.0,,False,,Stare Miasto,2026-08-05
ID4zwo6,1048821,13.863177234114469,85.27,4.445822692753958,12300.0,4,0.0,5.0,True,0.0,Prądnik Biały,2026-08-05
ID4BaCX,569000,13.251635713108469,50.0,3.912023005428146,11380.0,2,4.0,4.0,False,1.0,Bieżanów-Prokocim,2026-08-05
ID4vzPy,955000,13.769466619462868,64.0,4.1588830833596715,14921.88,3,3.0,6.0,False,0.0,Prądnik Biały,2026-08-05
ID4Cnz0,669000,13.413539339110365,53.08,3.9718002094640066,12603.62,3,4.0,4.0,False,1.0,Podgórze Duchackie,2026-08-05
ID4B7yt,1753000,14.376839163903371,67.5,4.212127597878484,25970.37,4,6.0,6.0,False,1.0,Dębniki,2026-08-05
ID4Cs1W,579000,13.269057756555132,37.0,3.610917912644224,15648.65,2,1.0,4.0,False,0.0,Prądnik Biały,2026-08-05
ID4BdbK,880935,13.688739122400769,53.39,3.9776234625120943,16500.0,3,3.0,7.0,False,0.0,Czyżyny,2026-08-05
ID4Cw9q,1040000,13.854731271117556,61.0,4.110873864173311,17049.18,3,5.0,10.0,False,0.0,Prądnik Czerwony,2026-08-05
ID4ChVR,710000,13.473020249017498,47.0,3.8501476017100584,15106.38,3,7.0,11.0,False,0.0,Podgórze Duchackie,2026-08-05
ID4CwMm,778780,13.565483871616276,37.7,3.629660094453965,20657.29,2,2.0,6.0,False,0.0,Podgórze,2026-08-05
ID4BYbO,629000,13.351886535682578,46.9,3.8480176754522337,13411.51,3,8.0,11.0,False,0.0,Bieżanów-Prokocim,2026-08-05
ID4Clpn,749000,13.526494262499355,55.24,4.0116873285410914,13559.02,2,0.0,1.0,True,0.0,Swoszowice,2026-08-05
ID4C3ll,975000,13.790192749979983,72.4,4.282206299391671,13466.85,4,3.0,3.0,False,1.0,Wzgórza Krzesławickie,2026-08-05
ID4Ckcz,625000,13.34550692871854,47.99,3.8709926558701544,13023.55,3,4.0,4.0,False,1.0,Mistrzejowice,2026-08-05
ID1bJadb,823500,13.621318828599833,54.9,4.005513348515485,15000.0,3,3.0,,False,,Krowodrza,2026-08-05
ID1bxpOB,530600,13.181763720685776,30.32,3.411807560774171,17500.0,1,3.0,,False,,Stare Miasto,2026-08-05
ID4CuUw,961900,13.776665774140708,60.35,4.10016094754354,15938.69,3,1.0,5.0,False,0.0,Bronowice,2026-08-05
ID4CoHU,675000,13.422467969854669,50.9,3.929862923556477,13261.3,2,1.0,5.0,False,0.0,Podgórze Duchackie,2026-08-05
ID4BNFi,650000,13.38472764187182,48.5,3.8815637979434374,13402.06,3,2.0,10.0,False,0.0,Krowodrza,2026-08-05
ID4xRYz,265000,12.48748510496836,17.0,2.833213344056216,15588.24,1,0.0,4.0,True,0.0,Krowodrza,2026-08-05
ID4CmYu,615000,13.329377546788654,44.0,3.784189633918261,13977.27,2,8.0,9.0,False,0.0,Prądnik Biały,2026-08-05
ID4BID7,629000,13.351886535682578,48.0,3.871201010907891,13104.17,2,1.0,4.0,False,0.0,Dębniki,2026-08-05
ID1bDpC0,510000,13.142166004700508,41.52,3.7261752388576337,12283.24,2,6.0,,False,,Bieńczyce,2026-08-05
ID4Ch4L,499000,13.120361374733656,37.0,3.610917912644224,13486.49,1,8.0,10.0,False,0.0,Prądnik Biały,2026-08-05
ID4BdIQ,736617,13.50982336173846,85.37,4.446994751022215,8628.52,4,0.0,1.0,True,0.0,Nowa Huta,2026-08-05
ID4CnJr,775000,13.560618308335483,51.46,3.940804806853598,15060.24,2,1.0,4.0,False,0.0,Krowodrza,2026-08-05
ID4BVOs,309000,12.641096555879882,23.84,3.171364842197149,12961.41,1,2.0,4.0,False,0.0,Podgórze Duchackie,2026-08-05
ID4x0mj,299000,12.608198852372825,17.41,2.8570447537800976,17174.04,1,1.0,3.0,False,0.0,Krowodrza,2026-08-05
ID4y6SD,759900,13.540942124657876,82.0,4.406719247264253,9267.07,3,0.0,10.0,True,0.0,Podgórze Duchackie,2026-08-05
ID4C8Cr,485000,13.09190416991962,35.0,3.5553480614894135,13857.14,2,0.0,4.0,True,0.0,Bieżanów-Prokocim,2026-08-05
ID4Bt6e,699000,13.457406021215949,49.0,3.8918202981106265,14265.31,2,0.0,3.0,True,0.0,Krowodrza,2026-08-05
ID4Cq5u,728000,13.498056327178825,49.53,3.902578546600146,14698.16,2,2.0,2.0,False,1.0,Prądnik Biały,2026-08-05
ID4AJzs,516770,13.155353180229984,33.34,3.506757877322648,15500.0,2,1.0,3.0,False,0.0,Prądnik Biały,2026-08-05
ID4Cq0L,685000,13.437174117244362,37.0,3.610917912644224,18513.51,1,1.0,3.0,False,0.0,Bronowice,2026-08-05
ID4ATyx,835000,13.635187003832993,51.22,3.9361300807713793,16302.23,3,1.0,4.0,False,0.0,Podgórze Duchackie,2026-08-05
ID4BLJ9,995000,13.81049801614073,118.0,4.770684624465665,8432.2,5,1.0,3.0,False,0.0,Swoszowice,2026-08-05
ID4B37a,929000,13.741864017795976,59.92,4.0930103392089645,15504.01,3,1.0,4.0,False,0.0,Prądnik Czerwony,2026-08-05
ID4ClD5,599000,13.303016877097589,41.0,3.713572066704308,14609.76,2,6.0,11.0,False,0.0,Podgórze,2026-08-05
ID4CioT,489000,13.10011776845701,43.3,3.768152635008444,11293.3,3,3.0,5.0,False,0.0,Stare Miasto,2026-08-05
ID4BWbh,588000,13.284482226880764,37.0,3.610917912644224,15891.89,1,0.0,3.0,True,0.0,Podgórze Duchackie,2026-08-05
ID4BOWX,573730,13.259914181361523,41.01,3.713815939403968,13990.0,2,1.0,4.0,False,0.0,Prądnik Biały,2026-08-05
ID4CoBu,570000,13.253391639810731,46.5,3.8394523125933104,12258.06,3,3.0,4.0,False,0.0,Nowa Huta,2026-08-05
ID4zoCH,655800,13.393611143392684,49.38,3.899545483917034,13280.68,2,4.0,4.0,False,1.0,Stare Miasto,2026-08-05
ID4Crn1,675000,13.422467969854669,42.39,3.746912485364546,15923.57,2,1.0,2.0,False,0.0,Podgórze Duchackie,2026-08-05
ID4Cjgi,1160000,13.963930563082547,65.81,4.186771802468027,17626.5,3,1.0,2.0,False,0.0,Bronowice,2026-08-05
ID4CrxK,1100000,13.9108207377686,71.0,4.2626798770413155,15492.96,2,0.0,2.0,True,0.0,Zwierzyniec,2026-08-05
ID4CqCW,710000,13.473020249017498,61.7,4.122283930911342,11507.29,3,0.0,3.0,True,0.0,Podgórze Duchackie,2026-08-05
ID4CpJo,589000,13.286181462633724,44.0,3.784189633918261,13386.36,2,0.0,4.0,True,0.0,nieznana,2026-08-05
ID4vtCx,4500000,15.319587954740548,133.0,4.890349128221754,33834.59,4,5.0,5.0,False,1.0,Dębniki,2026-08-05
ID1bGDU7,260000,12.468436909997664,44.0,3.784189633918261,5909.09,2,2.0,,False,,Podgórze Duchackie,2026-08-05
ID4Cpyp,529999,13.180630398734072,41.8,3.7328963395307104,12679.4,2,8.0,8.0,False,1.0,Bieńczyce,2026-08-05
ID4B4Um,990000,13.805460222110773,68.22,4.2227377769905,14511.87,3,2.0,5.0,False,0.0,Dębniki,2026-08-05
ID4BlFP,620000,13.337474757021274,53.9,3.9871304779149512,11502.78,3,0.0,1.0,True,0.0,Podgórze,2026-08-05
ID4CjoS,759000,13.539757056377766,47.37,3.85798911693566,16022.8,3,2.0,4.0,False,0.0,Grzegórzki,2026-08-05
ID1bwCjc,1100000,13.9108207377686,53.5,3.979681653901961,20560.75,3,0.0,,True,,Prądnik Biały,2026-08-05
ID1bEOz6,949000,13.763164077592064,66.0,4.189654742026425,14378.79,3,0.0,,True,,Dębniki,2026-08-05
ID19IpRZ,349000,12.762827201184564,22.0,3.091042453358316,15863.64,1,-1.0,,False,,Stare Miasto,2026-08-05
ID4Cowh,1039000,13.853769270081363,57.52,4.052132713412791,18063.28,3,7.0,13.0,False,0.0,Prądnik Biały,2026-08-05
ID4Cl2m,843600,13.645433727586756,56.24,4.029628247502409,15000.0,3,1.0,3.0,False,0.0,Prądnik Biały,2026-08-05
ID1aBA5g,645000,13.37700559577791,44.0,3.784189633918261,14659.09,2,1.0,,False,,Dębniki,2026-08-05
ID4Cu5V,1299705,14.077647873603905,78.77,4.3665322137152325,16500.0,4,2.0,6.0,False,0.0,Bronowice,2026-08-05
ID1bFUol,720000,13.487006490992238,47.5,3.8607297110405954,15157.89,2,0.0,,True,,Prądnik Czerwony,2026-08-05
ID4Cwkf,1900000,14.457364444136669,140.0,4.941642422609304,13571.43,6,1.0,1.0,False,1.0,Prądnik Biały,2026-08-05
ID4Ctns,3399000,15.038991828678252,106.0,4.663439094112067,32066.04,4,2.0,2.0,False,1.0,Krowodrza,2026-08-05
ID4CqJ0,830000,13.62918097977278,54.5,3.9982007016691985,15229.36,3,0.0,4.0,True,0.0,Nowa Huta,2026-08-05
ID4C8YW,759900,13.540942124657876,60.51,4.10280864063423,12558.25,3,4.0,4.0,False,1.0,Prądnik Czerwony,2026-08-05
ID1bDxBk,790000,13.579788224443204,48.5,3.8815637979434374,16288.66,2,,,False,,Prądnik Biały,2026-08-05
ID4Cjfx,389000,12.871334622600584,27.5,3.3141860046725258,14145.45,1,3.0,5.0,False,0.0,Stare Miasto,2026-08-05
ID4CmJb,679000,13.428376406540831,50.0,3.912023005428146,13580.0,2,0.0,4.0,True,0.0,Grzegórzki,2026-08-05
ID4CgGl,420000,12.948009990259552,25.0,3.218875824868201,16800.0,1,3.0,10.0,False,0.0,Grzegórzki,2026-08-05
ID4Cj0k,680000,13.42984807715229,50.1,3.914021008090819,13572.85,2,1.0,4.0,False,0.0,Łagiewniki-Borek Fałęcki,2026-08-05
ID1bBtJI,380000,12.84792653170257,26.41,3.273742726309041,14388.49,1,4.0,,False,,Prądnik Czerwony,2026-08-05
ID4Co7H,730000,13.500799813124576,57.0,4.04305126783455,12807.02,3,0.0,11.0,True,0.0,Bieżanów-Prokocim,2026-08-05
ID4BGwM,715000,13.480037821676143,71.5,4.269697449699962,10000.0,3,0.0,1.0,True,0.0,Dębniki,2026-08-05
ID4CnHv,859000,13.663524200966393,47.0,3.8501476017100584,18276.6,3,3.0,8.0,False,0.0,Podgórze,2026-08-05
ID4AVsO,588000,13.284482226880764,45.29,3.8130862575681226,12983.0,2,8.0,10.0,False,0.0,Bieńczyce,2026-08-05
ID4CjZQ,705000,13.465953081794405,51.2,3.9357395320454622,13769.53,3,3.0,3.0,False,1.0,Prądnik Biały,2026-08-05
ID4Bxiw,840000,13.641157170819495,73.5,4.297285406218791,11428.57,3,3.0,5.0,False,0.0,Nowa Huta,2026-08-05
ID4CnVR,818000,13.614617615584883,55.33,4.013315256910018,14784.02,3,10.0,11.0,False,0.0,Podgórze Duchackie,2026-08-05
ID4CnvT,750000,13.527828485512494,60.0,4.0943445622221,12500.0,4,4.0,4.0,False,1.0,Bieżanów-Prokocim,2026-08-05
ID4BLRz,272000,12.513557345278134,17.1,2.8390784635086144,15906.43,1,0.0,4.0,True,0.0,Krowodrza,2026-08-05
ID1bybr5,1060000,13.87377946608825,71.0,4.2626798770413155,14929.58,3,3.0,,False,,Stare Miasto,2026-08-05
ID4ANXf,1310000,14.085537695177337,102.21,4.627029520340985,12816.75,5,1.0,2.0,False,0.0,Podgórze Duchackie,2026-08-05
ID4AixG,990000,13.805460222110773,60.05,4.095177548525992,16486.26,3,0.0,4.0,True,0.0,Dębniki,2026-08-05
ID4CuSf,715000,13.480037821676143,60.1,4.096009841541162,11896.84,3,3.0,4.0,False,0.0,Podgórze Duchackie,2026-08-05
ID1bqfxt,579000,13.269057756555132,32.0,3.4657359027997265,18093.75,2,4.0,,False,,Podgórze Duchackie,2026-08-05
ID4Chle,520000,13.16158409055761,37.0,3.610917912644224,14054.05,2,9.0,10.0,False,0.0,Bieńczyce,2026-08-05
ID4C1fR,669000,13.413539339110365,46.41,3.837514953253085,14415.0,3,1.0,4.0,False,0.0,Dębniki,2026-08-05
ID4CgNz,662200,13.403322904095283,47.3,3.856510295497887,14000.0,1,0.0,2.0,True,0.0,Podgórze,2026-08-05
ID4CsS3,849000,13.651814465293484,90.5,4.505349850705881,9381.22,2,2.0,2.0,False,1.0,Stare Miasto,2026-08-05
ID1bpJbs,595000,13.296316684527769,36.6,3.6000482404073204,16256.83,1,5.0,,False,,Podgórze,2026-08-05
ID4CwEG,539000,13.197470849891134,32.9,3.493472657771326,16382.98,2,2.0,5.0,False,0.0,Prądnik Biały,2026-08-05
ID4zYGG,662483,13.403750176135922,43.33,3.768845235751818,15289.24,2,0.0,3.0,True,0.0,Dębniki,2026-08-05
ID4BTHx,720000,13.487006490992238,57.34,4.048998460455224,12556.68,2,2.0,5.0,False,0.0,Nowa Huta,2026-08-05
ID4C1xc,950000,13.764217263576723,52.9,3.9684033388642534,17958.41,4,3.0,4.0,False,0.0,Prądnik Czerwony,2026-08-05
ID4Cn0t,869000,13.67509840424753,63.3,4.147885329150131,13728.28,4,10.0,10.0,False,1.0,nieznana,2026-08-05
ID4AUk7,499000,13.120361374733656,32.79,3.4901235908565567,15218.05,2,1.0,7.0,False,0.0,nieznana,2026-08-05
ID4CwGD,754999,13.534471703726974,47.0,3.8501476017100584,16063.81,2,2.0,5.0,False,0.0,nieznana,2026-08-05
ID4CqNW,748000,13.525158256956614,42.19,3.7421832261362473,17729.32,2,2.0,5.0,False,0.0,Podgórze,2026-08-05
ID4CpPh,1190000,13.989463865087712,67.5,4.212127597878484,17629.63,4,0.0,6.0,True,0.0,Prądnik Czerwony,2026-08-05
ID4Ctyu,1395000,14.148404973237604,97.6,4.580877493419047,14293.03,3,3.0,,False,,Stare Miasto,2026-08-05
ID4CqPg,639000,13.367659733359671,32.87,3.492560387676128,19440.22,2,0.0,5.0,True,0.0,Czyżyny,2026-08-05
ID4B7Cr,1438000,14.178763817263128,57.55,4.0526541351678915,24986.97,3,6.0,6.0,False,1.0,Dębniki,2026-08-05
ID4Cnsz,405000,12.911642346088676,23.0,3.1354942159291497,17608.7,1,7.0,10.0,False,0.0,Grzegórzki,2026-08-05
ID4CwJ4,650000,13.38472764187182,52.4,3.958906591326997,12404.58,3,8.0,10.0,False,0.0,Prądnik Czerwony,2026-08-05
ID4Az0y,599935,13.30457659499647,30.5,3.417726683613366,19670.0,1,3.0,4.0,False,0.0,Stare Miasto,2026-08-05
ID4Blof,1100000,13.9108207377686,102.0,4.624972813284271,10784.31,4,2.0,2.0,False,1.0,Prądnik Biały,2026-08-05
ID4BFVV,579000,13.269057756555132,38.5,3.6506582412937383,15038.96,2,2.0,4.0,False,0.0,Nowa Huta,2026-08-05
ID4yUVJ,1315000,14.089347223594002,77.43,4.349374302398632,16983.08,4,0.0,7.0,True,0.0,Podgórze Duchackie,2026-08-05
ID1b3OlD,349000,12.762827201184564,27.1,3.299533727885655,12878.23,1,4.0,,False,,Wzgórza Krzesławickie,2026-08-05
ID4Cp7r,479000,13.079455876393052,35.13,3.559055466277736,13635.07,1,0.0,4.0,True,0.0,Bieżanów-Prokocim,2026-08-05
ID4CpnF,1061466,13.875161529466451,69.65,4.243482700225814,15240.0,4,3.0,4.0,False,0.0,Podgórze,2026-08-05
ID4BOlL,1890000,14.452087387035824,91.5,4.516338972281476,20655.74,3,5.0,6.0,False,0.0,Zwierzyniec,2026-08-05
ID19ojm6,319000,12.672946381766982,62.0,4.127134385045092,5145.16,3,3.0,,False,,Bieżanów-Prokocim,2026-08-05
ID4CcOC,1255000,14.042646130548022,68.0,4.219507705176107,18455.88,2,1.0,4.0,False,0.0,Stare Miasto,2026-08-05
ID4Cw5C,1525000,14.237504968023648,106.85,4.671425981765156,14272.34,3,1.0,2.0,False,0.0,nieznana,2026-08-05
ID4CqJR,758000,13.53843866462451,42.21,3.7426571597944074,17957.83,2,5.0,5.0,False,1.0,Podgórze,2026-08-05
ID4BO6t,699000,13.457406021215949,63.26,4.147253217877503,11049.64,3,0.0,4.0,True,0.0,Wzgórza Krzesławickie,2026-08-05
ID4CmBN,2828877,14.855390371077627,123.0,4.812184355372417,22999.0,4,3.0,3.0,False,1.0,Zwierzyniec,2026-08-05
ID4CoYq,1320000,14.093142294562554,78.18,4.359013860364809,16884.11,4,2.0,3.0,False,0.0,Prądnik Biały,2026-08-05
ID4Cc2D,850000,13.652991628466498,73.0,4.290459441148391,11643.84,3,3.0,5.0,False,0.0,Nowa Huta,2026-08-05
ID1bArAs,239000,12.384218830913648,48.0,3.871201010907891,4979.17,2,3.0,,False,,Łagiewniki-Borek Fałęcki,2026-08-05
ID4CraC,887000,13.695600261291716,60.31,4.099497927462895,14707.35,3,1.0,2.0,False,0.0,Bronowice,2026-08-05
ID4Cmiz,719000,13.485616636703185,60.0,4.0943445622221,11983.33,2,1.0,2.0,False,0.0,Bieżanów-Prokocim,2026-08-05
ID4CeqF,1375000,14.133964289082808,89.0,4.48863636973214,15449.44,4,1.0,7.0,False,0.0,Podgórze Duchackie,2026-08-05
ID4BDdy,825000,13.623138665316818,49.0,3.8918202981106265,16836.73,3,3.0,3.0,False,1.0,Podgórze,2026-08-05
ID4C2Dr,680000,13.42984807715229,51.5,3.9415818076696905,13203.88,3,0.0,4.0,True,0.0,Nowa Huta,2026-08-05
ID4Ctdo,599000,13.303016877097589,42.0,3.737669618283368,14261.9,2,2.0,2.0,False,1.0,Dębniki,2026-08-05
ID4AIRH,1349000,14.114874135189892,122.0,4.804021044733257,11057.38,4,1.0,2.0,False,0.0,Dębniki,2026-08-05
ID4CrRb,1999000,14.508157613482537,76.0,4.330733340286331,26302.63,4,2.0,7.0,False,0.0,Krowodrza,2026-08-05
ID4BCfN,875000,13.681979165339753,60.0,4.0943445622221,14583.33,3,3.0,3.0,False,1.0,Dębniki,2026-08-05
ID4CoK6,1000000,13.815510557964274,50.47,3.921379100352171,19813.75,3,0.0,,True,,Podgórze,2026-08-05
ID1btXaK,555000,13.226723392728571,42.5,3.7495040759303713,13058.82,2,1.0,,False,,Bieżanów-Prokocim,2026-08-05
ID4Cjbi,659000,13.398478813484644,48.53,3.882182163417125,13579.23,3,0.0,4.0,True,0.0,Nowa Huta,2026-08-05
ID4CmPX,399000,12.896716695872,20.07,2.9992261628082466,19880.42,1,2.0,10.0,False,0.0,Bieżanów-Prokocim,2026-08-05
ID1bCJcT,995000,13.81049801614073,66.8,4.2017030805426,14895.21,3,4.0,,False,,Dębniki,2026-08-05
ID4AMzF,689000,13.442996549995796,45.8,3.824284091120139,15043.67,2,5.0,6.0,False,0.0,Dębniki,2026-08-05
ID4BX9H,1178000,13.97932864319367,68.0,4.219507705176107,17323.53,3,5.0,5.0,False,1.0,Prądnik Biały,2026-08-05
ID4CpEY,549000,13.215853720491667,28.72,3.357593744180023,19115.6,1,1.0,8.0,False,0.0,Krowodrza,2026-08-05
ID4B0OQ,525000,13.17115354157376,35.37,3.5658640032173894,14843.09,2,1.0,2.0,False,0.0,Prądnik Biały,2026-08-05
ID4CwnL,1290000,14.070152776337856,72.0,4.276666119016055,17916.67,3,0.0,2.0,True,0.0,Prądnik Biały,2026-08-05
ID4Co8P,599000,13.303016877097589,39.0,3.6635616461296463,15358.97,1,4.0,5.0,False,0.0,Krowodrza,2026-08-05
ID4Cs92,799000,13.591116224748411,46.0,3.828641396489095,17369.57,2,5.0,5.0,False,1.0,Prądnik Czerwony,2026-08-05
ID1bjsJO,565000,13.244581010128575,34.2,3.53222564406856,16520.47,1,4.0,,False,,Prądnik Biały,2026-08-05
ID4BCZe,639000,13.367659733359671,38.05,3.6389010843076943,16793.69,2,3.0,5.0,False,0.0,nieznana,2026-08-05
ID4C1rM,625000,13.34550692871854,45.37,3.814851093675872,13775.62,3,2.0,3.0,False,0.0,Nowa Huta,2026-08-05
ID4vlky,639000,13.367659733359671,47.6,3.8628327612373745,13424.37,3,3.0,4.0,False,0.0,Mistrzejowice,2026-08-05
ID4BdJ0,743997,13.519792281549035,90.56,4.506012614454873,8215.51,4,1.0,1.0,False,1.0,Nowa Huta,2026-08-05
ID4BIAY,1530000,14.24077829336862,163.0,5.093750200806762,9386.5,5,1.0,2.0,False,0.0,Bieżanów-Prokocim,2026-08-05
ID1bxlCa,610750,13.322442989119986,34.0,3.5263605246161616,17963.24,1,2.0,,False,,Stare Miasto,2026-08-05
ID4CwuT,1690000,14.340239086899256,64.04,4.159507888128514,26389.76,3,4.0,4.0,False,1.0,Czyżyny,2026-08-05
ID19RAoP,1540000,14.247292974389811,67.0,4.204692619390966,22985.07,3,2.0,,False,,Podgórze,2026-08-05
ID1bHZbo,1420000,14.166167429577444,53.0,3.970291913552122,26792.45,2,4.0,,False,,Krowodrza,2026-08-05
ID4CqsH,569000,13.251635713108469,29.0,3.367295829986474,19620.69,1,5.0,6.0,False,0.0,Stare Miasto,2026-08-05
ID4Bqdf,669000,13.413539339110365,36.0,3.58351893845611,18583.33,2,5.0,5.0,False,1.0,Krowodrza,2026-08-05
ID4CqPf,399000,12.896716695872,20.7,3.0301337002713233,19275.36,1,2.0,10.0,False,0.0,Podgórze,2026-08-05
ID4Cf60,538000,13.195613839143922,32.92,3.494080375808869,16342.65,1,5.0,5.0,False,1.0,Dębniki,2026-08-05
ID4ClxT,522000,13.165422866864777,32.65,3.48584485572244,15987.75,1,9.0,10.0,False,0.0,Prądnik Czerwony,2026-08-05
ID4BT8O,1299000,14.077105295652736,77.86,4.35491234218231,16683.79,4,4.0,10.0,False,0.0,Bronowice,2026-08-05
ID4Cn7e,490000,13.102160670086809,34.65,3.5452977256359124,14141.41,1,3.0,3.0,False,1.0,Podgórze,2026-08-05
ID4vvMF,679000,13.428376406540831,33.5,3.5115454388310208,20268.66,1,4.0,5.0,False,0.0,Podgórze,2026-08-05
ID4AS2w,765000,13.547631112808672,57.89,4.058544658090914,13214.72,3,1.0,2.0,False,0.0,Prądnik Biały,2026-08-05
ID4CriZ,1049000,13.863347887378437,73.7,4.300002799195291,14233.38,3,1.0,,False,,Prądnik Czerwony,2026-08-05
ID4Bd5Z,569000,13.251635713108469,36.3,3.591817741270805,15674.93,1,0.0,3.0,True,0.0,Bronowice,2026-08-05
ID4x6Dz,844424,13.646410017100944,70.96,4.262116338001324,11900.0,4,3.0,9.0,False,0.0,Mistrzejowice,2026-08-05
ID4BNQ2,799000,13.591116224748411,50.0,3.912023005428146,15980.0,3,5.0,6.0,False,0.0,Czyżyny,2026-08-05
ID4Cpda,799615,13.591885640812118,47.0,3.8501476017100584,17013.09,3,0.0,4.0,True,0.0,Dębniki,2026-08-05
ID4Cm7v,669000,13.413539339110365,64.0,4.1588830833596715,10453.13,3,3.0,3.0,False,1.0,Dębniki,2026-08-05
ID4AciJ,529000,13.178743710840436,18.0,2.8903717578961645,29388.89,1,3.0,4.0,False,0.0,Stare Miasto,2026-08-05
ID4BWDZ,875000,13.681979165339753,56.05,4.026244149518169,15611.06,3,1.0,7.0,False,0.0,Czyżyny,2026-08-05
ID4Bk3R,659999,13.399993598849946,47.52,3.8611506750543896,13888.87,2,0.0,4.0,True,0.0,nieznana,2026-08-05
ID4Cm2K,560000,13.235692062711331,30.8,3.427514689979529,18181.82,2,4.0,6.0,False,0.0,Dębniki,2026-08-05
ID4Cjs2,869000,13.67509840424753,48.0,3.871201010907891,18104.17,3,4.0,5.0,False,0.0,Podgórze,2026-08-05
ID4Crtu,849000,13.651814465293484,50.8,3.927896354584436,16712.6,3,7.0,9.0,False,0.0,Mistrzejowice,2026-08-05
ID4Cw3u,2799000,14.84477276849759,114.15,4.737513372975805,24520.37,4,3.0,5.0,False,0.0,Grzegórzki,2026-08-05
ID1bef1U,1564200,14.262885069149648,79.0,4.3694478524670215,19800.0,4,0.0,,True,,Grzegórzki,2026-08-05
ID4B281,639000,13.367659733359671,52.46,3.960050974438728,12180.71,3,3.0,4.0,False,0.0,Bieżanów-Prokocim,2026-08-05
ID4A74l,949000,13.763164077592064,72.14,4.278608675475393,13154.98,4,0.0,2.0,True,0.0,Podgórze,2026-08-05
ID4BuMl,1250000,14.038654109278484,76.4,4.335982696172475,16361.26,2,0.0,3.0,True,0.0,Stare Miasto,2026-08-05
ID4AOHN,882561,13.690583187213818,58.98,4.07719840338713,14963.73,3,2.0,6.0,False,0.0,Prądnik Biały,2026-08-05
ID4BUs4,897000,13.706811141040934,68.0,4.219507705176107,13191.18,3,1.0,2.0,False,0.0,Bronowice,2026-08-05
ID4CsZD,739000,13.513053199930338,52.0,3.951243718581427,14211.54,2,3.0,4.0,False,0.0,Prądnik Biały,2026-08-05
ID1bJ2Zf,680000,13.42984807715229,32.46,3.480008562086445,20948.86,1,2.0,,False,,Grzegórzki,2026-08-05
ID4CmMu,545000,13.208541073645382,24.0,3.1780538303479458,22708.33,1,3.0,3.0,False,1.0,Stare Miasto,2026-08-05
ID1bIeWR,1600000,14.28551418721001,79.59,4.376888456817758,20103.03,3,1.0,,False,,Zwierzyniec,2026-08-05
ID4CdTV,769000,13.55284624848778,54.0,3.9889840465642745,14240.74,3,6.0,11.0,False,0.0,Mistrzejowice,2026-08-05
ID1bhVoe,820000,13.617059619240436,64.8,4.1713056033582285,12654.32,3,0.0,,True,,Łagiewniki-Borek Fałęcki,2026-08-05
ID4Cw3d,750000,13.527828485512494,60.0,4.0943445622221,12500.0,2,4.0,4.0,False,1.0,Bieżanów-Prokocim,2026-08-05
ID4AVpB,638000,13.366093562326927,35.0,3.5553480614894135,18228.57,2,1.0,2.0,False,0.0,Dębniki,2026-08-05
ID4B90c,898000,13.707925347284336,56.4,4.032469158504013,15921.99,2,3.0,4.0,False,0.0,nieznana,2026-08-05
ID4APu2,870000,13.676248490630767,71.8,4.273884476054178,12116.99,3,3.0,3.0,False,1.0,Dębniki,2026-08-05
ID4AWmc,849000,13.651814465293484,38.37,3.647275904258861,22126.66,2,3.0,3.0,False,1.0,Dębniki,2026-08-05
ID4CwAV,576000,13.263862939678027,28.82,3.361069590571376,19986.12,1,1.0,,False,,Podgórze,2026-08-05
ID1boNYu,780000,13.567049198665774,47.0,3.8501476017100584,16595.74,2,1.0,,False,,Mistrzejowice,2026-08-05
ID4Cihz,1168848,13.971529206337175,71.32,4.267176792994939,16388.79,4,6.0,7.0,False,0.0,Podgórze Duchackie,2026-08-05
ID1bwCDT,520000,13.16158409055761,41.0,3.713572066704308,12682.93,2,2.0,,False,,Wzgórza Krzesławickie,2026-08-05
ID4zUba,750000,13.527828485512494,52.98,3.969914483843924,14156.29,2,0.0,2.0,True,0.0,Zwierzyniec,2026-08-05
ID18VNai,819000,13.615839362835208,66.55,4.197953544841121,12306.54,3,3.0,,False,,Krowodrza,2026-08-05
ID4CifY,470000,13.06048797368624,38.0,3.6375861597263857,12368.42,1,2.0,4.0,False,0.0,Bieżanów-Prokocim,2026-08-05
ID4Cm2J,829000,13.627975434117433,48.0,3.871201010907891,17270.83,2,3.0,4.0,False,0.0,Prądnik Czerwony,2026-08-05
ID4Cq4F,923000,13.73538451348499,62.39,4.133405006122695,14794.04,3,0.0,2.0,True,0.0,Prądnik Biały,2026-08-05
ID4CpJ0,740000,13.514405465180351,45.5,3.817712325956905,16263.74,2,3.0,4.0,False,0.0,Dębniki,2026-08-05
ID4Bnkb,730000,13.500799813124576,42.06,3.7390971702745537,17356.16,2,0.0,4.0,True,0.0,Prądnik Biały,2026-08-05
ID4z9QO,719000,13.485616636703185,52.0,3.951243718581427,13826.92,3,0.0,4.0,True,0.0,Podgórze Duchackie,2026-08-05
ID4CgYY,530000,13.180632285528304,35.56,3.571221410645704,14904.39,1,0.0,6.0,True,0.0,Prądnik Czerwony,2026-08-05
ID4BK9q,749000,13.526494262499355,53.75,3.984343667007772,13934.88,2,0.0,10.0,True,0.0,Czyżyny,2026-08-05
ID4Cry1,819000,13.615839362835208,52.6,3.962716119743664,15570.34,2,1.0,4.0,False,0.0,Podgórze Duchackie,2026-08-05
ID4CoV8,949000,13.763164077592064,65.2,4.177459468932607,14555.21,2,3.0,3.0,False,1.0,Podgórze,2026-08-05
ID4z3Il,635000,13.36138027787483,30.48,3.4170707308184456,20833.33,2,5.0,5.0,False,1.0,Podgórze,2026-08-05
ID4CfOf,690000,13.444446876573442,41.61,3.72834052299485,16582.55,3,2.0,3.0,False,0.0,Podgórze,2026-08-05
ID4BJDV,599000,13.303016877097589,43.63,3.775744987135518,13729.09,2,8.0,10.0,False,0.0,Prądnik Czerwony,2026-08-05
ID4yMGn,675000,13.422467969854669,56.21,4.029094677013983,12008.54,3,-1.0,,False,,Stare Miasto,2026-08-05
ID1aUD8v,759000,13.539757056377766,56.06,4.026422545736642,13539.07,3,9.0,,False,,Bronowice,2026-08-05
ID4AyNh,682000,13.432784936825598,39.96,3.687878953780353,17067.07,2,1.0,6.0,False,0.0,Podgórze,2026-08-05
ID4CfnC,869000,13.67509840424753,74.0,4.30406509320417,11743.24,4,0.0,2.0,True,0.0,Dębniki,2026-08-05
ID4CqJe,940000,13.753635154246188,67.5,4.212127597878484,13925.93,4,0.0,10.0,True,0.0,Podgórze Duchackie,2026-08-05
ID4Cug5,698000,13.45597438174451,53.0,3.970291913552122,13169.81,2,2.0,4.0,False,0.0,Prądnik Czerwony,2026-08-05
ID4Ctcm,799000,13.591116224748411,47.31,3.8567216896430567,16888.61,2,4.0,4.0,False,1.0,Bieżanów-Prokocim,2026-08-05
ID4Cjor,883500,13.691646570741888,58.9,4.075841090657541,15000.0,3,10.0,11.0,False,0.0,Bieżanów-Prokocim,2026-08-05
ID19ERQy,693999,13.450225798565713,50.0,3.912023005428146,13879.98,2,3.0,,False,,Podgórze Duchackie,2026-08-05
ID4Cmzt,910000,13.721199878493032,56.7,4.037774210733707,16049.38,3,1.0,3.0,False,0.0,Zwierzyniec,2026-08-05
ID4CfcF,579000,13.269057756555132,38.0,3.6375861597263857,15236.84,1,3.0,4.0,False,0.0,Krowodrza,2026-08-05
ID4BH3e,962321,13.777103353822788,72.03,4.277082698901271,13360.0,4,2.0,4.0,False,0.0,Prądnik Biały,2026-08-05
ID4CsGg,490000,13.102160670086809,30.0,3.4011973816621555,16333.33,1,3.0,10.0,False,0.0,Prądnik Biały,2026-08-05
ID4CqwW,525000,13.17115354157376,25.0,3.218875824868201,21000.0,1,4.0,4.0,False,1.0,Krowodrza,2026-08-05
ID4CqBP,750000,13.527828485512494,48.0,3.871201010907891,15625.0,2,0.0,4.0,True,0.0,Podgórze Duchackie,2026-08-05
ID4BfGz,598000,13.301346032932768,40.93,3.7118632905043114,14610.31,2,1.0,3.0,False,0.0,Prądnik Biały,2026-08-05
ID4uRpS,1449000,14.18638422130282,94.0,4.543294782270004,15414.89,5,3.0,3.0,False,1.0,Bieżanów-Prokocim,2026-08-05
ID1bCT7u,419000,12.945626198904275,17.2,2.8449093838194073,24360.47,1,4.0,,False,,Stare Miasto,2026-08-05
ID4BtJ1,638000,13.366093562326927,47.2,3.8543938925915096,13516.95,2,1.0,4.0,False,0.0,Dębniki,2026-08-05
ID4zEBn,549000,13.215853720491667,29.13,3.3717685709713434,18846.55,1,2.0,4.0,False,0.0,Podgórze,2026-08-05
ID4CrWI,649000,13.383187995686226,46.64,3.842458542042237,13915.09,2,0.0,10.0,True,0.0,nieznana,2026-08-05
ID4By9U,1065000,13.878485357125662,58.51,4.069197679800145,18202.02,3,2.0,4.0,False,0.0,Podgórze,2026-08-05
ID4sRHd,1490000,14.214286677921642,87.0,4.465908118654584,17126.44,4,2.0,4.0,False,0.0,Dębniki,2026-08-05
ID1amKsM,2200000,14.603967918328545,127.64,4.849213801410043,17235.98,4,4.0,,False,,Dębniki,2026-08-05
ID4Ctc1,793400,13.584082787062366,40.0,3.688879454113936,19835.0,2,4.0,7.0,False,0.0,Podgórze,2026-08-05
ID4ClpG,730000,13.500799813124576,42.0,3.737669618283368,17380.95,2,0.0,4.0,True,0.0,Prądnik Biały,2026-08-05
ID4CgzU,1399684,14.15175705482247,81.59,4.401706705440709,17155.1,4,2.0,5.0,False,0.0,Bronowice,2026-08-05
ID1bB5j5,669000,13.413539339110365,39.0,3.6635616461296463,17153.85,2,4.0,,False,,Grzegórzki,2026-08-05
ID4Cnlv,870000,13.676248490630767,51.15,3.934762492397635,17008.8,2,1.0,10.0,False,0.0,Podgórze,2026-08-05
ID1bx23J,620000,13.337474757021274,52.3,3.9569963710708778,11854.68,2,1.0,,False,,Bieńczyce,2026-08-05
ID4BNEW,1298000,14.076335176246172,74.0,4.30406509320417,17540.54,4,0.0,4.0,True,0.0,Dębniki,2026-08-05
ID4BYZY,834801,13.634948652076176,68.59,4.22814675151123,12170.88,2,2.0,5.0,False,0.0,Dębniki,2026-08-05
ID1bHPfY,570000,13.253391639810731,38.0,3.6375861597263857,15000.0,2,8.0,,False,,Mistrzejowice,2026-08-05
ID4BpL0,564000,13.242809530480196,46.0,3.828641396489095,12260.87,2,2.0,2.0,False,1.0,Nowa Huta,2026-08-05
ID4CjCH,998000,13.813508555293602,60.0,4.0943445622221,16633.33,3,1.0,5.0,False,0.0,Prądnik Czerwony,2026-08-05
ID4BVyw,449000,13.01477816672439,22.57,3.1166215908294443,19893.66,1,0.0,5.0,True,0.0,Dębniki,2026-08-05
ID4CfCS,1499000,14.220308777084735,89.0,4.48863636973214,16842.7,4,2.0,3.0,False,0.0,Krowodrza,2026-08-05
ID4zv1v,619044,13.335931631531452,41.65,3.729301368612852,14863.0,2,1.0,3.0,False,0.0,Prądnik Biały,2026-08-05
ID4BmzL,670000,13.415032991367148,48.0,3.871201010907891,13958.33,3,8.0,10.0,False,0.0,Grzegórzki,2026-08-05
ID1amKGN,1130000,13.937728190688524,79.73,4.378645926514404,14172.83,4,1.0,,False,,Prądnik Biały,2026-08-05
ID4x5t4,295000,12.594730635321955,19.46,2.968361076757859,15159.3,1,3.0,3.0,False,1.0,Krowodrza,2026-08-05
ID19SK6A,750000,13.527828485512494,53.9,3.9871304779149512,13914.66,2,1.0,,False,,Stare Miasto,2026-08-05
ID4Cgis,1208760,14.005105598724729,57.56,4.052827882019167,21000.0,3,1.0,7.0,False,0.0,Grzegórzki,2026-08-05
ID4Ct1r,640000,13.369223455335854,37.85,3.6336309798834576,16908.85,2,3.0,4.0,False,0.0,Krowodrza,2026-08-05
ID4CwGb,969691,13.78473274302857,56.47,4.033709523684745,17171.79,3,1.0,,False,,Bronowice,2026-08-05
ID4C4dA,519000,13.159659162148026,35.0,3.5553480614894135,14828.57,1,0.0,3.0,True,0.0,Dębniki,2026-08-05
ID4ulqn,892000,13.701221411562146,49.25,3.8969093676180977,18111.68,3,8.0,9.0,False,0.0,Podgórze Duchackie,2026-08-05
ID4ANWz,790000,13.579788224443204,56.63,4.036538880125714,13950.2,3,0.0,2.0,True,0.0,Podgórze Duchackie,2026-08-05
ID1bvE23,749000,13.526494262499355,56.0,4.02535169073515,13375.0,3,7.0,,False,,Bieńczyce,2026-08-05
ID4Caw1,579000,13.269057756555132,26.86,3.2906381910950917,21556.22,1,1.0,3.0,False,0.0,Podgórze,2026-08-05
ID4Cep1,579000,13.269057756555132,35.5,3.56953269648137,16309.86,1,4.0,4.0,False,1.0,nieznana,2026-08-05
ID4BPxZ,660000,13.399995114002609,66.04,4.190260619051927,9993.94,2,2.0,3.0,False,0.0,Swoszowice,2026-08-05
ID4CjkU,420000,12.948009990259552,24.18,3.1855258451866466,17369.73,1,3.0,4.0,False,0.0,Bieńczyce,2026-08-05
ID4CnD6,999000,13.81451005763069,75.0,4.31748811353631,13320.0,3,2.0,3.0,False,0.0,Dębniki,2026-08-05
ID4Ct8c,719000,13.485616636703185,54.9,4.005513348515485,13096.54,3,4.0,10.0,False,0.0,Bieżanów-Prokocim,2026-08-05
ID1bwHj0,890000,13.698976741708323,65.65,4.184337600748806,13556.74,2,0.0,,True,,Dębniki,2026-08-05
ID4zD77,799000,13.591116224748411,61.5,4.119037174812473,12991.87,3,4.0,4.0,False,1.0,Podgórze,2026-08-05
ID4tIGC,706660,13.46830492397332,39.7,3.681351187693145,17800.0,2,1.0,7.0,False,0.0,nieznana,2026-08-05
ID1bzVTy,795000,13.58609739363647,54.26,3.9937873072307855,14651.68,2,5.0,,False,,Podgórze Duchackie,2026-08-05
ID4Cmcd,599000,13.303016877097589,53.46,3.978933710710773,11204.64,5,0.0,1.0,True,0.0,Dębniki,2026-08-05
ID4Bxi7,999000,13.81451005763069,46.1,3.8308129500026022,21670.28,2,0.0,3.0,True,0.0,Stare Miasto,2026-08-05
ID1bmLxg,705000,13.465953081794405,47.33,3.857144343918157,14895.42,2,0.0,,True,,Podgórze Duchackie,2026-08-05
ID1bCbdp,563892,13.242618022782064,41.16,3.717466910965849,13700.0,2,3.0,,False,,Bieżanów-Prokocim,2026-08-05
ID1bBkRK,530000,13.180632285528304,25.3,3.2308043957334744,20948.62,1,9.0,,False,,Krowodrza,2026-08-05
ID4BQty,630000,13.353475098367715,46.32,3.83557383326474,13601.04,3,0.0,4.0,True,0.0,Bieżanów-Prokocim,2026-08-05
ID1bpChi,599990,13.304668267392726,37.0,3.610917912644224,16215.95,2,5.0,,False,,Czyżyny,2026-08-05
ID4BYKp,870350,13.676650708580857,49.12,3.894266283838887,17718.85,3,0.0,4.0,True,0.0,Łagiewniki-Borek Fałęcki,2026-08-05
ID4unka,671600,13.417418204185523,46.0,3.828641396489095,14600.0,2,1.0,7.0,False,0.0,Prądnik Biały,2026-08-05
ID4BMCv,775000,13.560618308335483,51.0,3.9318256327243257,15196.08,2,0.0,4.0,True,0.0,Krowodrza,2026-08-05
ID1bihW7,579000,13.269057756555132,36.93,3.609024228864472,15678.31,2,2.0,,False,,Mistrzejowice,2026-08-05
ID4CmJS,1090000,13.901688254205329,83.0,4.418840607796598,13132.53,5,0.0,4.0,True,0.0,Podgórze Duchackie,2026-08-05
ID4CgIn,1290000,14.070152776337856,77.27,4.347305781945493,16694.71,4,2.0,4.0,False,0.0,Dębniki,2026-08-05
ID4Couu,725000,13.493926933836812,53.0,3.970291913552122,13679.25,3,3.0,4.0,False,0.0,Prądnik Czerwony,2026-08-05
ID4Cqxg,499000,13.120361374733656,30.0,3.4011973816621555,16633.33,1,3.0,10.0,False,0.0,nieznana,2026-08-05
ID4Crk9,839880,13.641014303471586,51.0,3.9318256327243257,16468.24,3,6.0,7.0,False,0.0,Czyżyny,2026-08-05
ID1aEF51,499000,13.120361374733656,34.8,3.5496173867804286,14339.08,1,5.0,,False,,Podgórze Duchackie,2026-08-05
ID4Cpzh,939000,13.7525707581904,60.36,4.100326633899648,15556.66,3,2.0,3.0,False,0.0,Prądnik Biały,2026-08-05
ID4ui7w,637580,13.36543503833756,44.9,3.8044377947482086,14200.0,2,0.0,2.0,True,0.0,Bieżanów-Prokocim,2026-08-05
ID4ClRn,1150000,13.955272500339431,66.68,4.199905057882593,17246.55,4,1.0,8.0,False,0.0,Mistrzejowice,2026-08-05
ID4ulXT,771843,13.556536440449214,40.4,3.698829784967105,19105.02,1,2.0,7.0,False,0.0,Podgórze,2026-08-05
ID4Chzz,630000,13.353475098367715,48.0,3.871201010907891,13125.0,2,1.0,4.0,False,0.0,Podgórze Duchackie,2026-08-05
ID4xTvZ,389000,12.871334622600584,24.3,3.190476350346503,16008.23,1,3.0,4.0,False,0.0,Nowa Huta,2026-08-05
ID4Brij,749000,13.526494262499355,54.0,3.9889840465642745,13870.37,3,5.0,10.0,False,0.0,Prądnik Biały,2026-08-05
ID4CiYV,859000,13.663524200966393,82.58,4.413767520457944,10402.03,4,2.0,3.0,False,0.0,Podgórze,2026-08-05
ID4ACMm,609480,13.32036141358329,50.79,3.9276994848131537,12000.0,3,1.0,3.0,False,0.0,Nowa Huta,2026-08-05
ID1bzjbq,825000,13.623138665316818,63.0,4.143134726391533,13095.24,3,2.0,,False,,Mistrzejowice,2026-08-05
ID4Cumu,722000,13.489780417874965,48.5,3.8815637979434374,14886.6,3,1.0,2.0,False,0.0,Prądnik Biały,2026-08-05
ID4BfaQ,3910200,15.179099081548529,133.13,4.8913260944438255,29371.29,4,1.0,1.0,False,1.0,Zwierzyniec,2026-08-05
ID4Cqll,535000,13.190022025878145,25.0,3.218875824868201,21400.0,1,4.0,4.0,False,1.0,Krowodrza,2026-08-05
ID4ulBk,959994,13.774682313424488,66.62,4.199004832765533,14410.0,3,2.0,3.0,False,0.0,Prądnik Biały,2026-08-05
ID4BX8G,1258000,14.045033716242523,71.0,4.2626798770413155,17718.31,3,2.0,3.0,False,0.0,Podgórze,2026-08-05
ID4zBkV,899000,13.709038313453757,66.79,4.201553368737545,13460.1,3,0.0,5.0,True,0.0,Dębniki,2026-08-05
ID4Cj1b,717500,13.483528226615912,41.08,3.715521385060357,17465.92,2,2.0,13.0,False,0.0,Krowodrza,2026-08-05
ID4Bjq7,549000,13.215853720491667,39.1,3.66612246699132,14040.92,2,0.0,4.0,True,0.0,Mistrzejowice,2026-08-05
ID1btWdC,389000,12.871334622600584,20.88,3.038791763014438,18630.27,1,3.0,,False,,Nowa Huta,2026-08-05
ID4ChEz,500000,13.122363377404328,37.1,3.6136169696133895,13477.09,2,1.0,4.0,False,0.0,nieznana,2026-08-05
ID4CqBl,619000,13.335860551666734,37.81,3.6325736179028416,16371.33,2,9.0,10.0,False,0.0,Bieńczyce,2026-08-05
ID4BQwz,550000,13.217673557208654,36.64,3.6011405398059297,15010.92,2,2.0,7.0,False,0.0,Nowa Huta,2026-08-05
ID4zeaq,1061752,13.875430931856345,71.73,4.272909070138343,14802.06,4,0.0,1.0,True,0.0,nieznana,2026-08-05
ID4xpxO,694035,13.450277670493934,51.41,3.9398327060674134,13500.0,3,2.0,3.0,False,0.0,Wzgórza Krzesławickie,2026-08-05
ID4wKWh,798606,13.590622986731043,57.87,4.058199115585747,13800.0,3,0.0,5.0,True,0.0,Prądnik Biały,2026-08-05
ID4x6jp,538524,13.19658734283057,42.74,3.755135249891002,12600.0,2,0.0,4.0,True,0.0,Podgórze,2026-08-05
ID4BNAc,680000,13.42984807715229,50.9,3.929862923556477,13359.53,2,1.0,4.0,False,0.0,Podgórze Duchackie,2026-08-05
ID4zeax,1093424,13.904824615083246,73.88,4.302442155331039,14800.0,4,1.0,1.0,False,1.0,nieznana,2026-08-05
ID4Ctbr,647970,13.38159967796641,29.0,3.367295829986474,22343.79,2,2.0,7.0,False,0.0,Podgórze,2026-08-05
ID4Cfpo,499000,13.120361374733656,39.87,3.685624161393263,12515.68,2,0.0,2.0,True,0.0,Dębniki,2026-08-05
ID4BRN3,1270000,14.054527458434777,60.0,4.0943445622221,21166.67,3,5.0,8.0,False,0.0,Bronowice,2026-08-05
ID4CrwH,1075000,13.8878312195439,66.0,4.189654742026425,16287.88,2,0.0,4.0,True,0.0,Krowodrza,2026-08-05
ID4zFaC,749000,13.526494262499355,40.0,3.688879454113936,18725.0,2,2.0,4.0,False,0.0,Podgórze,2026-08-05
ID1bzlKM,749650,13.52736170992305,51.7,3.945457781514384,14500.0,3,3.0,,False,,Krowodrza,2026-08-05
ID4CrCa,599000,13.303016877097589,53.46,3.978933710710773,11204.64,5,0.0,1.0,True,0.0,Dębniki,2026-08-05
ID4BKlv,2325000,14.659230597003594,124.5,4.824305715904762,18674.7,3,1.0,5.0,False,0.0,nieznana,2026-08-05
ID4BKNS,930000,13.742939865129438,32.88,3.492864570187979,28284.67,2,6.0,8.0,False,0.0,Dębniki,2026-08-05
ID4BXIJ,1170000,13.972514306773938,102.12,4.6261485923732835,11457.11,6,2.0,3.0,False,0.0,Prądnik Biały,2026-08-05
ID1b7FAr,1400000,14.151982794585487,63.0,4.143134726391533,22222.22,3,3.0,,False,,Prądnik Biały,2026-08-05
ID4CfW7,499000,13.120361374733656,25.0,3.218875824868201,19960.0,1,3.0,4.0,False,0.0,Prądnik Czerwony,2026-08-05
ID4BVMe,749000,13.526494262499355,38.0,3.6375861597263857,19710.53,2,3.0,7.0,False,0.0,nieznana,2026-08-05
ID1bvHhx,720000,13.487006490992238,50.06,3.913222286003628,14382.74,3,2.0,,False,,Swoszowice,2026-08-05
ID1bwW1S,570000,13.253391639810731,36.0,3.58351893845611,15833.33,1,7.0,,False,,Dębniki,2026-08-05
ID1bzsg4,699000,13.457406021215949,49.49,3.901770628963795,14124.07,3,2.0,,False,,Swoszowice,2026-08-05
ID4A9pF,1025261,13.840457772287214,76.29,4.334541868102138,13439.0,4,1.0,3.0,False,0.0,Prądnik Biały,2026-08-05
ID1ajYU1,379000,12.845291484064564,23.46,3.1552968432253294,16155.16,1,1.0,,False,,Dębniki,2026-08-05
ID4ulTN,961408,13.77615415560563,64.96,4.173771695853422,14800.0,3,6.0,10.0,False,0.0,Bieżanów-Prokocim,2026-08-05
ID4BwRo,688000,13.44154411691548,50.58,3.923556241241819,13602.21,2,4.0,3.0,False,0.0,Podgórze,2026-08-05
ID1bAY2v,1450000,14.187074114396758,74.0,4.30406509320417,19594.59,4,2.0,,False,,Prądnik Czerwony,2026-08-05
ID4CgG0,949000,13.763164077592064,61.18,4.113820338722757,15511.61,3,2.0,4.0,False,0.0,Podgórze Duchackie,2026-08-05
ID4Cf8x,614000,13.32775020712928,47.0,3.8501476017100584,13063.83,3,8.0,15.0,False,0.0,Prądnik Czerwony,2026-08-05
ID4BD8H,860000,13.664687668229693,46.0,3.828641396489095,18695.65,2,3.0,3.0,False,1.0,Krowodrza,2026-08-05
ID4CgRT,899000,13.709038313453757,58.0,4.060443010546419,15500.0,2,2.0,2.0,False,1.0,Bronowice,2026-08-05
ID4CdIu,1030000,13.845069360205818,64.55,4.167440117292651,15956.62,3,1.0,8.0,False,0.0,Podgórze,2026-08-05
ID4Ca28,699000,13.457406021215949,36.18,3.588506479967149,19320.07,2,1.0,5.0,False,0.0,Podgórze,2026-08-05
ID4Cpzg,874000,13.680835654637672,41.6,3.728100167267218,21009.62,2,0.0,,True,,Krowodrza,2026-08-05
ID1bChfJ,550000,13.217673557208654,44.0,3.784189633918261,12500.0,2,4.0,,False,,Mistrzejowice,2026-08-05
ID18HUB2,1140000,13.946538820370678,75.0,4.31748811353631,15200.0,4,3.0,,False,,Czyżyny,2026-08-05
ID4CtUq,1259000,14.045828313026483,62.0,4.127134385045092,20306.45,3,2.0,4.0,False,0.0,Krowodrza,2026-08-05
ID4xzis,1260840,14.04728872347082,79.8,4.379523504455763,15800.0,4,0.0,2.0,True,0.0,Prądnik Biały,2026-08-05
ID4Cat1,749000,13.526494262499355,48.34,3.878259375275337,15494.41,3,0.0,4.0,True,0.0,Podgórze,2026-08-05
ID4zeaZ,1130888,13.938513722785348,79.64,4.377516479195996,14200.0,4,0.0,1.0,True,0.0,nieznana,2026-08-05
ID4BX5E,767000,13.550242080349394,48.0,3.871201010907891,15979.17,2,0.0,5.0,True,0.0,Bieżanów-Prokocim,2026-08-05
ID4vrBy,889980,13.698954269545712,42.38,3.746676552840153,21000.0,2,3.0,6.0,False,0.0,Krowodrza,2026-08-05
ID4AIr6,835000,13.635187003832993,57.5,4.051784947803305,14521.74,3,2.0,10.0,False,0.0,Dębniki,2026-08-05
ID18B8MK,799000,13.591116224748411,50.0,3.912023005428146,15980.0,3,1.0,,False,,Wzgórza Krzesławickie,2026-08-05
ID4Blf0,610000,13.321214236149494,39.0,3.6635616461296463,15641.03,2,2.0,2.0,False,1.0,Podgórze Duchackie,2026-08-05
ID4CqBx,650000,13.38472764187182,49.3,3.897924081048645,13184.58,2,3.0,4.0,False,0.0,Podgórze,2026-08-05
ID4Ctdz,899000,13.709038313453757,44.98,3.8062179465311696,19986.66,2,3.0,7.0,False,0.0,Podgórze Duchackie,2026-08-05
ID4zWWU,830025,13.629211099801095,36.13,3.587123545159549,22973.29,2,2.0,3.0,False,0.0,Podgórze,2026-08-05
ID4vhJ5,970000,13.785051350479566,50.7,3.9259259105971376,19132.15,2,3.0,9.0,False,0.0,Krowodrza,2026-08-05
ID1bBDlR,725000,13.493926933836812,53.16,3.9733062338450447,13638.07,2,5.0,,False,,Mistrzejowice,2026-08-05
ID4CsVy,748000,13.525158256956614,30.0,3.4011973816621555,24933.33,1,6.0,8.0,False,0.0,Grzegórzki,2026-08-05
ID4Cjjp,685000,13.437174117244362,47.4,3.858622228701031,14451.48,3,3.0,4.0,False,0.0,Bieżanów-Prokocim,2026-08-05
ID4CpZk,649000,13.383187995686226,25.71,3.246880021277798,25243.1,1,3.0,5.0,False,0.0,Stare Miasto,2026-08-05
ID4BT99,1916705,14.466118123905426,119.05,4.779543572932872,16100.0,4,4.0,4.0,False,1.0,Bieżanów-Prokocim,2026-08-05
ID4ClT1,745000,13.521139497361697,49.7,3.906004933102583,14989.94,2,4.0,4.0,False,1.0,Stare Miasto,2026-08-05
ID4unl2,886046,13.69452414697538,66.62,4.199004832765533,13300.0,3,2.0,7.0,False,0.0,Prądnik Biały,2026-08-05
ID4xToG,904491,13.715127633519227,61.53,4.119524860752399,14700.0,3,0.0,2.0,True,0.0,Podgórze Duchackie,2026-08-05
ID4CqLX,862000,13.66701054964583,50.36,3.9191972091761462,17116.76,3,4.0,5.0,False,0.0,Podgórze,2026-08-05
ID1bwSYu,599000,13.303016877097589,40.0,3.688879454113936,14975.0,2,3.0,,False,,Prądnik Biały,2026-08-05
ID4Ct3Q,1106666,13.916862449814742,59.3,4.08260930600368,18662.16,3,4.0,5.0,False,0.0,Podgórze Duchackie,2026-08-05
ID4Cpsb,849000,13.651814465293484,66.7,4.200204952921578,12728.64,3,3.0,4.0,False,0.0,Podgórze Duchackie,2026-08-05
ID4BfaP,3910200,15.179099081548529,133.13,4.8913260944438255,29371.29,4,1.0,1.0,False,1.0,Zwierzyniec,2026-08-05
ID178b6e,940000,13.753635154246188,82.0,4.406719247264253,11463.41,3,1.0,,False,,Dębniki,2026-08-05
ID4BScL,999000,13.81451005763069,70.0,4.248495242049359,14271.43,3,2.0,4.0,False,0.0,Dębniki,2026-08-05
ID1amKWF,1327000,14.098431313314345,74.0,4.30406509320417,17932.43,3,1.0,,False,,Dębniki,2026-08-05
ID4t4xC,947968,13.762076025393176,74.06,4.304875575485466,12800.0,3,5.0,5.0,False,1.0,Prądnik Biały,2026-08-05
ID4ug9j,465702,13.05130122357151,25.49,3.238286218388024,18269.99,1,0.0,4.0,True,0.0,Krowodrza,2026-08-05
ID4BvRJ,1490000,14.214286677921642,89.1,4.489759334476764,16722.78,4,,,False,,Nowa Huta,2026-08-05
ID1byRNz,1500000,14.22097566607244,100.0,4.605170185988092,15000.0,3,0.0,,True,,Bieńczyce,2026-08-05
ID4CktU,679000,13.428376406540831,40.5,3.7013019741124937,16765.43,2,3.0,7.0,False,0.0,Podgórze Duchackie,2026-08-05
ID4BrVT,1798000,14.402185494013702,130.51,4.8714498521794365,13776.72,6,1.0,2.0,False,0.0,Grzegórzki,2026-08-05
ID4CoxD,799000,13.591116224748411,48.65,3.884651808632014,16423.43,2,4.0,5.0,False,0.0,Stare Miasto,2026-08-05
ID4C7pL,640988,13.370766014978742,43.31,3.768383555226535,14800.0,2,2.0,9.0,False,0.0,Mistrzejowice,2026-08-05
ID4zGpA,839000,13.639965985449344,39.42,3.674273301724574,21283.61,2,3.0,6.0,False,0.0,Prądnik Biały,2026-08-05
ID1bGPGc,584925,13.27923891286681,35.45,3.5681232529781366,16500.0,2,0.0,,True,,Dębniki,2026-08-05
ID4xTvj,870604,13.676942502622286,73.78,4.3010876921685295,11800.0,4,1.0,2.0,False,0.0,Dębniki,2026-08-05
ID1btODJ,647000,13.380101573483037,37.0,3.610917912644224,17486.49,2,1.0,,False,,Nowa Huta,2026-08-05
ID4Cqpm,489000,13.10011776845701,26.3,3.269568939183719,18593.16,1,0.0,5.0,True,0.0,Dębniki,2026-08-05
ID4z9lV,849252,13.652111241039192,61.54,4.119687369893896,13800.0,3,0.0,3.0,True,0.0,Bieżanów-Prokocim,2026-08-05
ID4Cmr0,860000,13.664687668229693,65.0,4.174387269895637,13230.77,4,0.0,4.0,True,0.0,Mistrzejowice,2026-08-05
ID4unkO,846498,13.64886311788272,65.62,4.183880527532955,12900.0,3,1.0,7.0,False,0.0,Prądnik Biały,2026-08-05
ID4CqL0,1400000,14.151982794585487,67.0,4.204692619390966,20895.52,3,2.0,3.0,False,0.0,Krowodrza,2026-08-05
ID4Bry0,1150000,13.955272500339431,66.31,4.194340715380776,17342.78,4,1.0,4.0,False,0.0,nieznana,2026-08-05
ID4Cd9X,500000,13.122363377404328,24.7,3.2068032436339315,20242.91,1,1.0,4.0,False,0.0,Krowodrza,2026-08-05
ID4C25E,739000,13.513053199930338,44.4,3.7932394694381792,16644.14,2,4.0,4.0,False,1.0,Podgórze,2026-08-05
ID4A75O,939000,13.7525707581904,92.77,4.5301233116651805,10121.81,5,1.0,2.0,False,0.0,Podgórze,2026-08-05
ID4C80O,650000,13.38472764187182,38.8,3.658420246629228,16752.58,2,4.0,10.0,False,0.0,Prądnik Biały,2026-08-05
ID4ADJQ,1734062,14.365977191162074,116.38,4.756860699228524,14900.0,5,1.0,1.0,False,1.0,Zwierzyniec,2026-08-05
ID4AOvt,840000,13.641157170819495,42.23,3.743130868945852,19891.07,3,4.0,4.0,False,1.0,Podgórze,2026-08-05
ID4Cg0m,580000,13.270783382522602,33.08,3.4989288701554906,17533.25,1,8.0,10.0,False,0.0,Czyżyny,2026-08-05
ID4CrYb,1900000,14.457364444136669,98.0,4.584967478670572,19387.76,5,6.0,7.0,False,0.0,Podgórze Duchackie,2026-08-05
ID1bnk3p,519800,13.161199401189528,43.5,3.7727609380946383,11949.43,2,0.0,,True,,Krowodrza,2026-08-05
ID4A9q8,730380,13.501320225631696,51.94,3.9500892062346025,14061.99,3,1.0,3.0,False,0.0,Prądnik Biały,2026-08-05
ID4Crkx,670000,13.415032991367148,51.84,3.9481620520440193,12924.38,3,7.0,10.0,False,0.0,Prądnik Czerwony,2026-08-05
ID4Ak55,795000,13.58609739363647,50.3,3.918005077105694,15805.17,3,4.0,4.0,False,1.0,Bronowice,2026-08-05
ID4BRgf,670000,13.415032991367148,48.26,3.8766030601968855,13883.13,2,1.0,5.0,False,0.0,Nowa Huta,2026-08-05
ID4CkSC,999000,13.81451005763069,63.24,4.146937012341271,15796.96,3,10.0,10.0,False,1.0,Dębniki,2026-08-05
ID4Auhl,730000,13.500799813124576,73.0,4.290459441148391,10000.0,3,3.0,3.0,False,1.0,Łagiewniki-Borek Fałęcki,2026-08-05
ID4ClVg,499000,13.120361374733656,30.0,3.4011973816621555,16633.33,1,3.0,10.0,False,0.0,Krowodrza,2026-08-05
ID4CnsW,760000,13.541073712262516,50.0,3.912023005428146,15200.0,2,2.0,4.0,False,0.0,Grzegórzki,2026-08-05
ID4BdJ2,743997,13.519792281549035,90.56,4.506012614454873,8215.51,4,1.0,1.0,False,1.0,Nowa Huta,2026-08-05
ID4CaUP,660000,13.399995114002609,38.0,3.6375861597263857,17368.42,2,10.0,11.0,False,0.0,Grzegórzki,2026-08-05
ID4CgiU,619000,13.335860551666734,54.5,3.9982007016691985,11357.8,3,3.0,4.0,False,0.0,Nowa Huta,2026-08-05
ID4Crju,849000,13.651814465293484,43.0,3.7612001156935624,19744.19,2,7.0,14.0,False,0.0,Grzegórzki,2026-08-05
ID4AGE0,730000,13.500799813124576,46.6,3.8416005411316,15665.24,2,1.0,4.0,False,0.0,Łagiewniki-Borek Fałęcki,2026-08-05
ID4BIbU,929000,13.741864017795976,64.0,4.1588830833596715,14515.63,3,4.0,11.0,False,0.0,Bronowice,2026-08-05
ID1bpsBN,880000,13.687677186454389,55.0,4.007333185232471,16000.0,2,3.0,,False,,Krowodrza,2026-08-05
ID1ajl1R,1360000,14.122995257712237,63.62,4.152927886320998,21376.93,3,3.0,4.0,False,0.0,Krowodrza,2026-08-05
ID4CwfS,609000,13.319573546692034,49.81,3.908215767085192,12226.46,2,0.0,4.0,True,0.0,Bieżanów-Prokocim,2026-08-05
ID4vLWE,789831,13.579574277507556,53.73,3.98397150474073,14700.0,2,2.0,3.0,False,0.0,Bieżanów-Prokocim,2026-08-05
ID4BgVB,659000,13.398478813484644,50.7,3.9259259105971376,12998.03,2,4.0,4.0,False,1.0,Czyżyny,2026-08-05
ID4CjB9,842205,13.643778731524447,43.19,3.7656089869726097,19500.0,2,10.0,15.0,False,0.0,Czyżyny,2026-08-05
ID4CdL3,3490000,15.06541229417861,123.92,4.819636196108613,28163.33,5,10.0,14.0,False,0.0,nieznana,2026-08-05
ID4CoWm,1010000,13.825460888817442,72.0,4.276666119016055,14027.78,3,5.0,6.0,False,0.0,nieznana,2026-08-05
ID4BVAE,694982,13.45164122493096,42.12,3.740522687265775,16500.05,2,2.0,,False,,Prądnik Biały,2026-08-05
ID4A9pv,786715,13.575621327124248,54.23,3.993234260852969,14507.01,3,2.0,3.0,False,0.0,Prądnik Biały,2026-08-05
ID1bz5Z4,1690000,14.340239086899256,118.0,4.770684624465665,14322.03,4,3.0,,False,,Prądnik Biały,2026-08-05
ID4BQIp,1500000,14.22097566607244,54.5,3.9982007016691985,27522.94,3,3.0,3.0,False,1.0,Grzegórzki,2026-08-05
ID4BOX9,785000,13.573438996764546,52.35,3.9579519373165457,14995.22,3,1.0,5.0,False,0.0,Bieżanów-Prokocim,2026-08-05
ID1bH8XI,570000,13.253391639810731,50.0,3.912023005428146,11400.0,2,3.0,,False,,Bieżanów-Prokocim,2026-08-05
ID4CgPD,688000,13.44154411691548,44.66,3.799078246412012,15405.28,2,3.0,4.0,False,0.0,Grzegórzki,2026-08-05
ID4Cgyh,899000,13.709038313453757,41.0,3.713572066704308,21926.83,2,7.0,7.0,False,1.0,Podgórze,2026-08-05
ID4xkJe,670020,13.415062841667892,51.54,3.942358205224219,13000.0,3,1.0,3.0,False,0.0,Wzgórza Krzesławickie,2026-08-05
ID4CoEM,1150000,13.955272500339431,60.33,4.09982949245267,19061.83,3,5.0,5.0,False,1.0,Podgórze,2026-08-05
ID4zwjd,4538835,15.328180929158568,144.09,4.970438104344843,31500.0,5,3.0,3.0,False,1.0,Podgórze,2026-08-05
ID4AMPg,567970,13.249823879407018,33.41,3.508855256368665,17000.0,2,1.0,4.0,False,0.0,Prądnik Czerwony,2026-08-05
ID4AA9e,699350,13.45790661120745,39.4,3.673765816303888,17750.0,2,1.0,5.0,False,0.0,Podgórze,2026-08-05
ID4BCgR,650000,13.38472764187182,44.6,3.7977338590260183,14573.99,2,5.0,7.0,False,0.0,Bieńczyce,2026-08-05
ID4BN1s,799000,13.591116224748411,30.0,3.4011973816621555,26633.33,2,6.0,7.0,False,0.0,Podgórze,2026-08-05
ID4CkgP,1200000,13.997832114758229,75.0,4.31748811353631,16000.0,4,2.0,8.0,False,0.0,Prądnik Czerwony,2026-08-05
ID4CotH,600000,13.304684934198283,37.1,3.6136169696133895,16172.51,1,3.0,4.0,False,0.0,Prądnik Czerwony,2026-08-05
ID1bqotp,399000,12.896716695872,20.0,2.995732273553991,19950.0,1,2.0,,False,,Bieżanów-Prokocim,2026-08-05
ID4xbE4,1550000,14.253765488895429,110.0,4.700480365792417,14090.91,3,4.0,4.0,False,1.0,Krowodrza,2026-08-05
ID4yd2f,607910,13.317782123675538,39.22,3.6691868207682,15500.0,2,2.0,8.0,False,0.0,Podgórze,2026-08-05
ID4AUjL,665000,13.407542319637992,36.5,3.597312260588446,18219.18,2,1.0,4.0,False,0.0,Podgórze,2026-08-05
ID4zTkX,603134,13.309894673243845,45.01,3.806884687304841,13400.0,2,1.0,7.0,False,0.0,Mistrzejowice,2026-08-05
ID4BfoD,2990000,14.91078394536687,120.0,4.787491742782046,24916.67,4,1.0,1.0,False,1.0,Dębniki,2026-08-05
ID1btUkt,610000,13.321214236149494,38.0,3.6375861597263857,16052.63,1,1.0,,False,,Podgórze,2026-08-05
ID4CjQO,819000,13.615839362835208,76.8,4.341204640153626,10664.06,3,2.0,4.0,False,0.0,Łagiewniki-Borek Fałęcki,2026-08-05
ID4BBPZ,775000,13.560618308335483,36.0,3.58351893845611,21527.78,2,0.0,5.0,True,0.0,Podgórze,2026-08-05
ID1a5B9N,695000,13.45166712454693,36.6,3.6000482404073204,18989.07,1,6.0,,False,,Prądnik Czerwony,2026-08-05
ID4ulp7,872000,13.678544702891116,49.23,3.89650319377011,17712.78,3,6.0,9.0,False,0.0,Podgórze Duchackie,2026-08-05
ID4ClIi,736464,13.509615633853096,53.6,3.981549068076757,13740.0,4,3.0,4.0,False,0.0,Prądnik Biały,2026-08-05
ID1bJ8AT,445000,13.005829561148378,34.0,3.5263605246161616,13088.24,1,2.0,,False,,Czyżyny,2026-08-05
ID4CrC3,679000,13.428376406540831,79.58,4.376762804998783,8532.29,5,1.0,2.0,False,0.0,Dębniki,2026-08-05
ID4zeaH,1295575,14.074465170014102,89.35,4.492561241605437,14500.0,5,0.0,1.0,True,0.0,nieznana,2026-08-05
ID4zfHp,734723,13.507248836413046,39.7,3.681351187693145,18506.88,2,3.0,,False,,Podgórze,2026-08-05
ID4CkgV,620000,13.337474757021274,44.46,3.7945899085360506,13945.12,2,4.0,4.0,False,1.0,Bieżanów-Prokocim,2026-08-05
ID4CaFv,1068691,13.881945093030913,62.66,4.137723285524046,17055.39,3,0.0,2.0,True,0.0,Zwierzyniec,2026-08-05
ID1bHlcD,785000,13.573438996764546,47.26,3.8556642717587617,16610.24,3,5.0,,False,,Mistrzejowice,2026-08-05
ID4zwmP,575720,13.263376710376606,38.9,3.6609942506244,14800.0,2,2.0,5.0,False,0.0,Prądnik Biały,2026-08-05
ID4ulYZ,866789,13.672550858208488,48.02,3.8716175907931074,18050.58,2,0.0,7.0,True,0.0,Podgórze,2026-08-05
ID4BoXV,1149000,13.954402556830892,75.2,4.320151230955794,15279.26,3,1.0,11.0,False,0.0,Krowodrza,2026-08-05
ID4AEed,1516212,14.23172567709617,109.08,4.692081557977388,13900.0,5,1.0,1.0,False,1.0,Zwierzyniec,2026-08-05
ID4uln7,830000,13.62918097977278,57.57,4.053001598687718,14417.23,3,1.0,9.0,False,0.0,Podgórze Duchackie,2026-08-05
ID4AMh5,2196293,14.602281497119328,61.85,4.124712098838497,35509.99,3,1.0,3.0,False,0.0,Stare Miasto,2026-08-05
ID4yUbB,988448,13.803891315252114,107.44,4.676932552214982,9200.0,4,3.0,3.0,False,1.0,Podgórze,2026-08-05
ID4zv1P,1768384,14.385576693166536,117.16,4.763540521959532,15093.75,4,3.0,3.0,False,1.0,Prądnik Biały,2026-08-05
ID4BqON,1545125,14.250615371190124,123.61,4.817131447899731,12500.0,4,0.0,,True,,nieznana,2026-08-05
ID4psYP,742916,13.51833826212698,47.02,3.850573043111923,15800.0,2,4.0,4.0,False,1.0,Bieżanów-Prokocim,2026-08-05
ID4CoC5,975000,13.790192749979983,64.41,4.165268900558799,15137.4,3,0.0,3.0,True,0.0,Bieżanów-Prokocim,2026-08-05
ID4Crgn,765600,13.548415119120882,47.85,3.868071117898963,16000.0,2,5.0,5.0,False,1.0,Czyżyny,2026-08-05
ID4w9WF,1834830,14.422462392127404,99.18,4.596936381060988,18500.0,4,5.0,7.0,False,0.0,Dębniki,2026-08-05
ID4ARdx,1490000,14.214286677921642,82.79,4.416307281150715,17997.34,3,3.0,5.0,False,0.0,Krowodrza,2026-08-05
ID4CgiX,995000,13.81049801614073,62.66,4.137723285524046,15879.35,3,0.0,2.0,True,0.0,Zwierzyniec,2026-08-05
ID4ulxz,617322,13.333146046820314,37.55,3.625673378210144,16440.0,2,4.0,4.0,False,1.0,Prądnik Biały,2026-08-05
ID1bwEK9,935000,13.748301808270824,47.8,3.86702563949741,19560.67,2,1.0,,False,,Grzegórzki,2026-08-05
ID4ClvJ,660000,13.399995114002609,44.0,3.784189633918261,15000.0,2,1.0,5.0,False,0.0,Bronowice,2026-08-05
ID4BYM2,625000,13.34550692871854,49.66,3.9051997800800207,12585.58,2,4.0,10.0,False,0.0,Bieżanów-Prokocim,2026-08-05
ID4CrQR,830000,13.62918097977278,47.3,3.856510295497887,17547.57,3,1.0,,False,,Dębniki,2026-08-05
ID1bv3rd,659000,13.398478813484644,47.5,3.8607297110405954,13873.68,3,4.0,,False,,Podgórze,2026-08-05
ID4Cl2J,599000,13.303016877097589,35.0,3.5553480614894135,17114.29,1,2.0,5.0,False,0.0,Czyżyny,2026-08-05
ID4CsqC,1399000,14.151268253647618,88.56,4.4836802884003815,15797.2,4,1.0,7.0,False,0.0,Podgórze Duchackie,2026-08-05
ID4ulrG,3000000,14.914122846632385,134.79,4.903718011750178,22256.84,5,9.0,9.0,False,1.0,Podgórze Duchackie,2026-08-05
ID4Cii8,680000,13.42984807715229,44.0,3.784189633918261,15454.55,1,2.0,5.0,False,0.0,Bronowice,2026-08-05
ID4zWEj,669795,13.414726974399478,27.9,3.32862668882732,24006.99,1,0.0,3.0,True,0.0,Podgórze,2026-08-05
ID1bGJrR,809000,13.603554196040628,38.76,3.6573887870225654,20872.03,2,0.0,,True,,Grzegórzki,2026-08-05
ID4CrkU,609000,13.319573546692034,36.67,3.6019589820832345,16607.58,1,0.0,9.0,True,0.0,Podgórze Duchackie,2026-08-05
ID4Cpwv,433000,12.978493006984626,18.0,2.8903717578961645,24055.56,1,0.0,3.0,True,0.0,Stare Miasto,2026-08-05
ID4BxVa,829000,13.627975434117433,58.8,4.074141854904581,14098.64,3,1.0,6.0,False,0.0,Bieżanów-Prokocim,2026-08-05
ID4BM31,879000,13.686540176667314,56.0,4.02535169073515,15696.43,2,0.0,6.0,True,0.0,Podgórze Duchackie,2026-08-05
ID4Cjbt,648876,13.38299691425722,43.27,3.7674595542367935,14995.98,2,1.0,10.0,False,0.0,Podgórze Duchackie,2026-08-05
ID4BiFz,1065000,13.878485357125662,62.66,4.137723285524046,16996.49,3,0.0,2.0,True,0.0,Zwierzyniec,2026-08-05
ID4B8tm,1025000,13.840203170554645,81.38,4.399129542573544,12595.23,4,0.0,,True,,Swoszowice,2026-08-05
ID4ADJp,1926805,14.47137374871096,124.31,4.822778445803624,15500.0,4,0.0,1.0,True,0.0,Zwierzyniec,2026-08-05
ID4zf2C,711087,13.47455006416885,47.66,3.864092471670596,14920.0,2,1.0,2.0,False,0.0,Dębniki,2026-08-05
ID4zUuy,820000,13.617059619240436,42.01,3.7379076851812902,19519.16,2,1.0,5.0,False,0.0,Grzegórzki,2026-08-05
ID4CnFW,1950000,14.48333993053993,105.0,4.653960350157523,18571.43,4,0.0,2.0,True,0.0,Zwierzyniec,2026-08-05
ID4AYTK,569000,13.251635713108469,50.5,3.9219733362813143,11267.33,2,4.0,4.0,False,1.0,Nowa Huta,2026-08-05
ID4BeRM,789900,13.57966163415251,51.14,3.9345669698630408,15445.83,2,6.0,16.0,False,0.0,Krowodrza,2026-08-05
ID4C1ax,723459,13.491799154477643,52.24,3.955848484968176,13848.76,2,2.0,3.0,False,0.0,Dębniki,2026-08-05
ID4ulUG,1577236,14.27118450598507,106.57,4.668802046232865,14800.0,4,10.0,10.0,False,1.0,Bieżanów-Prokocim,2026-08-05
ID4z07W,1690000,14.340239086899256,88.07,4.478131952817368,19189.28,4,1.0,5.0,False,0.0,Grzegórzki,2026-08-05
ID4CmL3,689000,13.442996549995796,41.5,3.725693427236653,16602.41,2,3.0,11.0,False,0.0,Krowodrza,2026-08-05
ID4BNOh,839000,13.639965985449344,48.3,3.877431560658527,17370.6,3,4.0,5.0,False,0.0,Czyżyny,2026-08-05
ID4x6iW,929800,13.742724788238622,92.98,4.532384416262439,10000.0,4,1.0,4.0,False,0.0,Podgórze,2026-08-05
ID4ulAU,702789,13.462811983493593,44.34,3.7918872041881655,15850.0,2,2.0,3.0,False,0.0,Prądnik Biały,2026-08-05
ID4Ag2C,1050211,13.864501654326434,75.37,4.322409317855379,13934.07,4,2.0,6.0,False,0.0,Dębniki,2026-08-05
ID4BJuQ,999700,13.815210512955272,43.72,3.777805663308338,22865.97,1,4.0,4.0,False,1.0,Grzegórzki,2026-08-05
ID4ulSx,909909,13.7210998734927,63.63,4.1530850572447005,14300.0,3,3.0,10.0,False,0.0,Bieżanów-Prokocim,2026-08-05
ID1a2FPu,999000,13.81451005763069,51.0,3.9318256327243257,19588.24,3,2.0,,False,,Stare Miasto,2026-08-05
ID1bqI61,797440,13.589161875701116,49.84,3.908817874479198,16000.0,2,3.0,,False,,Czyżyny,2026-08-05
ID4ueMW,903785,13.714346779229423,62.33,4.132442850820759,14500.0,2,0.0,3.0,True,0.0,Dębniki,2026-08-05
ID4xTv7,885360,13.693749620938666,73.78,4.3010876921685295,12000.0,4,2.0,2.0,False,1.0,Dębniki,2026-08-05
ID4zeaF,1322110,14.094739503193962,91.18,4.512835574785296,14500.0,5,1.0,1.0,False,1.0,nieznana,2026-08-05
ID4ACMd,482075,13.085854982587806,35.06,3.5570608794930885,13750.0,2,0.0,3.0,True,0.0,Nowa Huta,2026-08-05
ID1bEpyV,599000,13.303016877097589,32.2,3.471966452550362,18602.48,2,1.0,,False,,Krowodrza,2026-08-05
ID4CfoV,699000,13.457406021215949,59.67,4.088829381533991,11714.43,3,0.0,2.0,True,0.0,Dębniki,2026-08-05
ID4CpU7,662200,13.403322904095283,47.3,3.856510295497887,14000.0,2,0.0,2.0,True,0.0,Podgórze,2026-08-05
ID4w9WP,2312571,14.653870450600104,126.37,4.839214111770589,18300.0,5,6.0,7.0,False,0.0,Dębniki,2026-08-05
ID4BSf3,1239000,14.02981516061128,67.12,4.206482062158951,18459.48,2,1.0,5.0,False,0.0,Krowodrza,2026-08-05
ID4wKWg,679140,13.42858257085452,48.51,3.881769962257126,14000.0,2,0.0,5.0,True,0.0,Prądnik Biały,2026-08-05
ID1bztbn,765000,13.547631112808672,40.0,3.688879454113936,19125.0,1,7.0,,False,,Prądnik Biały,2026-08-05
ID1bzlNO,579000,13.269057756555132,36.34,3.592919062968025,15932.86,2,3.0,,False,,Bieżanów-Prokocim,2026-08-05
ID4x6Ei,605421,13.31367936277786,39.57,3.678071255397333,15300.0,2,3.0,9.0,False,0.0,Mistrzejowice,2026-08-05
ID4Chtc,869000,13.67509840424753,50.2,3.9160150266976834,17310.76,3,2.0,5.0,False,0.0,Prądnik Biały,2026-08-05
ID4ulAq,932680,13.745817441362927,66.62,4.199004832765533,14000.0,3,1.0,3.0,False,0.0,Prądnik Biały,2026-08-05
ID4Cj2q,650756,13.385890042944926,43.97,3.7835075831927183,14800.0,2,4.0,7.0,False,0.0,Prądnik Biały,2026-08-05
ID4Bshh,740000,13.514405465180351,48.92,3.890186310818972,15126.74,2,5.0,7.0,False,0.0,Prądnik Biały,2026-08-05
ID4zTl0,652645,13.388788615713509,45.01,3.806884687304841,14500.0,2,3.0,7.0,False,0.0,Mistrzejowice,2026-08-05
ID4ugac,712826,13.476992630343318,40.92,3.711618941083426,17419.99,2,3.0,4.0,False,0.0,Krowodrza,2026-08-05
ID4ClXu,950000,13.764217263576723,57.0,4.04305126783455,16666.67,5,8.0,11.0,False,0.0,Krowodrza,2026-08-05
ID4BWJf,591781,13.290891912991828,34.6,3.543853682063679,17103.5,2,0.0,8.0,True,0.0,Mistrzejowice,2026-08-05
ID4BXRv,3861280,15.16650929268944,115.85,4.752296250878385,33330.0,3,4.0,4.0,False,1.0,Stare Miasto,2026-08-05
ID4ADNg,1447992,14.185688327050658,106.47,4.667863255326515,13600.0,4,0.0,4.0,True,0.0,Podgórze,2026-08-05
ID4AwYW,690000,13.444446876573442,58.0,4.060443010546419,11896.55,3,,,False,,Podgórze Duchackie,2026-08-05
ID4CpTg,1790000,14.39772617781694,168.0,5.123963979403259,10654.76,4,2.0,2.0,False,1.0,Zwierzyniec,2026-08-05
ID4A9pZ,1037479,13.852304289918283,76.19,4.333230220484919,13617.0,4,2.0,3.0,False,0.0,Prądnik Biały,2026-08-05
ID4Cl5r,699000,13.457406021215949,51.9,3.949318790171843,13468.21,2,1.0,4.0,False,0.0,Prądnik Czerwony,2026-08-05
ID4fE3M,1250000,14.038654109278484,66.0,4.189654742026425,18939.39,3,4.0,5.0,False,0.0,Stare Miasto,2026-08-05
ID4yvBw,515014,13.151949363742402,37.68,3.629129449708162,13668.1,2,1.0,3.0,False,0.0,Nowa Huta,2026-08-05
ID4Chzk,2400000,14.690979295318174,93.0,4.532599493153256,25806.45,3,2.0,2.0,False,1.0,Zwierzyniec,2026-08-05
ID4BBEF,525928,13.172919600221356,31.12,3.4378506993101907,16900.0,2,1.0,4.0,False,0.0,Dębniki,2026-08-05
ID4Ckxw,715000,13.480037821676143,42.5,3.7495040759303713,16823.53,1,4.0,4.0,False,1.0,Krowodrza,2026-08-05
ID4vLWC,785263,13.573773972501042,53.97,3.9884283366305513,14549.99,2,1.0,3.0,False,0.0,Bieżanów-Prokocim,2026-08-05
ID4Cr8Q,963144,13.777958212311642,44.59,3.7975096186393857,21600.0,3,1.0,1.0,False,1.0,Zwierzyniec,2026-08-05
ID4Cly0,759000,13.539757056377766,52.3,3.9569963710708778,14512.43,3,2.0,10.0,False,0.0,nieznana,2026-08-05
ID4t4xG,763486,13.54565006686498,57.19,4.046379057927225,13349.99,3,1.0,5.0,False,0.0,Prądnik Biały,2026-08-05
ID1b8QnM,254900,12.448626590364206,49.0,3.8918202981106265,5202.04,2,2.0,,False,,Podgórze Duchackie,2026-08-05
ID4CqKi,1060000,13.87377946608825,65.82,4.186923743515194,16104.53,4,5.0,5.0,False,1.0,Podgórze,2026-08-05
ID4C5oe,680000,13.42984807715229,51.43,3.940221659786825,13221.85,2,2.0,3.0,False,0.0,Nowa Huta,2026-08-05
ID1btaw4,729000,13.499429010990797,52.87,3.9678360702473583,13788.54,3,0.0,,True,,Nowa Huta,2026-08-05
ID4Cthd,1249000,14.037853789107714,60.0,4.0943445622221,20816.67,3,10.0,13.0,False,0.0,Krowodrza,2026-08-05
ID4Cf3J,680000,13.42984807715229,44.0,3.784189633918261,15454.55,2,0.0,3.0,True,0.0,Dębniki,2026-08-05
ID4BMXa,585000,13.279367126213993,30.89,3.43043250693049,18938.17,1,4.0,10.0,False,0.0,Podgórze,2026-08-05
ID4CkYH,986946,13.802370605672705,63.88,4.1570063233468115,15450.0,3,0.0,2.0,True,0.0,Podgórze Duchackie,2026-08-05
ID4CgI8,1300000,14.077874822431763,54.34,3.9952606039982017,23923.44,2,1.0,2.0,False,0.0,Stare Miasto,2026-08-05
ID1bA2Ks,595000,13.296316684527769,34.0,3.5263605246161616,17500.0,2,2.0,,False,,Prądnik Czerwony,2026-08-05
ID4ukjH,1377930,14.13609293100712,96.02,4.564556503102795,14350.45,3,2.0,2.0,False,1.0,Prądnik Biały,2026-08-05
ID4unlx,846498,13.64886311788272,65.62,4.183880527532955,12900.0,3,3.0,7.0,False,0.0,Prądnik Biały,2026-08-05
ID4BrMj,785000,13.573438996764546,55.24,4.0116873285410914,14210.72,2,0.0,1.0,True,0.0,Swoszowice,2026-08-05
ID16ZkOE,614000,13.32775020712928,50.7,3.9259259105971376,12110.45,2,0.0,,True,,Grzegórzki,2026-08-05
ID4CcPd,1490000,14.214286677921642,79.1,4.370712874773608,18836.92,3,0.0,4.0,True,0.0,Stare Miasto,2026-08-05
ID4u9HO,559625,13.235022195543266,44.77,3.8015382722528743,12500.0,3,2.0,3.0,False,0.0,Nowa Huta,2026-08-05
ID4w9Wv,1413984,14.16192180995738,80.34,4.386267628931136,17600.0,4,2.0,7.0,False,0.0,Dębniki,2026-08-05
ID4CmjK,1390000,14.144814305106877,77.41,4.349115971216622,17956.34,5,3.0,,False,,Bronowice,2026-08-05
ID4xosF,879660,13.687290748160365,65.16,4.176845783733844,13500.0,4,2.0,3.0,False,0.0,Wzgórza Krzesławickie,2026-08-05
ID4CqnC,699853,13.458625591972456,46.97,3.849509100038904,14900.0,2,0.0,2.0,True,0.0,Bieżanów-Prokocim,2026-08-05
ID19EhEn,490000,13.102160670086809,27.0,3.295836866004329,18148.15,1,2.0,,False,,Grzegórzki,2026-08-05
ID4AVUG,744400,13.520333803750232,62.5,4.135166556742356,11910.4,3,4.0,4.0,False,1.0,Dębniki,2026-08-05
ID4ulBN,885466,13.693869339081642,57.61,4.053696163744291,15370.01,3,1.0,3.0,False,0.0,Prądnik Biały,2026-08-05
ID4Cupm,799000,13.591116224748411,52.68,3.964235876875081,15167.05,2,3.0,6.0,False,0.0,Dębniki,2026-08-05
ID4C9xo,959345,13.774006038910464,52.79,3.9663217788355247,18172.85,3,1.0,7.0,False,0.0,Podgórze,2026-08-05
ID4CmXw,1099000,13.909911233385758,110.0,4.700480365792417,9990.91,4,1.0,2.0,False,0.0,Bieżanów-Prokocim,2026-08-05
ID4CoRD,985000,13.800396920154226,59.1,4.079230924412053,16666.67,4,2.0,10.0,False,0.0,Prądnik Czerwony,2026-08-05
ID4BVH0,1250000,14.038654109278484,65.48,4.181744752502934,19089.8,3,4.0,5.0,False,0.0,Stare Miasto,2026-08-05
ID4CgAI,1630000,14.304090572782943,57.14,4.045504396802627,28526.43,3,4.0,7.0,False,0.0,nieznana,2026-08-05
ID4zwo4,607986,13.317907134367404,37.53,3.6251406131469297,16200.0,2,5.0,5.0,False,1.0,Prądnik Biały,2026-08-05
ID4Ck0l,1650000,14.316285845876765,72.0,4.276666119016055,22916.67,2,0.0,3.0,True,0.0,Stare Miasto,2026-08-05
ID4w9Wy,1101120,13.911838401591252,59.2,4.0809215418899605,18600.0,3,4.0,7.0,False,0.0,Dębniki,2026-08-05
ID4CoxV,1070000,13.883169206438088,69.1,4.235554730773624,15484.8,3,0.0,10.0,True,0.0,Prądnik Czerwony,2026-08-05
ID4ug9X,649990,13.38471225713809,40.93,3.7118632905043114,15880.53,2,2.0,4.0,False,0.0,Krowodrza,2026-08-05
ID4u8RV,829240,13.628264897647048,50.98,3.9314333989479695,16265.99,2,0.0,5.0,True,0.0,Podgórze,2026-08-05
ID4CpG4,1135000,13.94214320889764,69.0,4.23410650459726,16449.28,5,1.0,3.0,False,0.0,Podgórze,2026-08-05
ID4Cmxi,639000,13.367659733359671,33.3,3.505557396986398,19189.19,2,4.0,4.0,False,1.0,Stare Miasto,2026-08-05
ID4ClyI,745000,13.521139497361697,60.7,4.1059436980654525,12273.48,3,3.0,5.0,False,0.0,Podgórze Duchackie,2026-08-05
ID1aHXR4,845000,13.64709190633931,50.0,3.912023005428146,16900.0,2,4.0,,False,,Bronowice,2026-08-05
ID4BZV5,959000,13.773646353865574,52.5,3.960813169597578,18266.67,2,0.0,3.0,True,0.0,Prądnik Biały,2026-08-05
ID1apcyU,330000,12.706847933442663,60.0,4.0943445622221,5500.0,3,1.0,,False,,Podgórze,2026-08-05
ID4ACLP,513000,13.148031124152906,41.04,3.714547200862514,12500.0,2,1.0,3.0,False,0.0,Nowa Huta,2026-08-05
ID4CpQE,699000,13.457406021215949,43.0,3.7612001156935624,16255.81,2,3.0,,False,,Stare Miasto,2026-08-05
ID4CnCX,1100000,13.9108207377686,45.87,3.82581130860908,23980.82,2,0.0,7.0,True,0.0,Krowodrza,2026-08-05
ID4ulye,646346,13.379090243095437,38.11,3.640476714885769,16960.01,2,5.0,5.0,False,1.0,Prądnik Biały,2026-08-05
ID4BG1Z,680000,13.42984807715229,28.27,3.341801171705499,24053.77,1,2.0,3.0,False,0.0,nieznana,2026-08-05
ID4CmC5,809000,13.603554196040628,51.35,3.9386649363745674,15754.63,1,4.0,4.0,False,1.0,Podgórze,2026-08-05
ID4BT3x,650000,13.38472764187182,54.58,3.999667515280192,11909.12,2,0.0,10.0,True,0.0,Mistrzejowice,2026-08-05
ID4zeba,1130888,13.938513722785348,79.64,4.377516479195996,14200.0,4,0.0,1.0,True,0.0,nieznana,2026-08-05
ID4Chdc,1150000,13.955272500339431,67.38,4.2103482379784065,17067.38,4,3.0,3.0,False,1.0,Krowodrza,2026-08-05
ID1btTDX,575000,13.262125319779487,30.0,3.4011973816621555,19166.67,2,3.0,,False,,Bronowice,2026-08-05
ID4A6AQ,1500000,14.22097566607244,101.03,4.615417502439641,14847.08,5,0.0,,True,,Bieżanów-Prokocim,2026-08-05
ID4ujli,666072,13.409153051787374,38.28,3.644927566584754,17400.0,2,2.0,3.0,False,0.0,Prądnik Biały,2026-08-05
ID4zTkd,681236,13.431664074289712,46.66,3.842887266593284,14600.0,2,7.0,7.0,False,1.0,Mistrzejowice,2026-08-05
ID4Cj8E,1153724,13.95850552933401,80.68,4.390490713086011,14300.0,4,3.0,6.0,False,0.0,nieznana,2026-08-05
ID1bz5EZ,2050000,14.53335035111459,133.0,4.890349128221754,15413.53,4,5.0,,False,,Stare Miasto,2026-08-05
ID4ulYH,763588,13.545783655676198,40.4,3.698829784967105,18900.69,1,1.0,7.0,False,0.0,Podgórze,2026-08-05
ID4uk4z,827975,13.626738239674856,52.49,3.960622675264208,15773.96,3,2.0,4.0,False,0.0,Prądnik Czerwony,2026-08-05
ID1bxnmc,680000,13.42984807715229,55.7,4.019980146933238,12208.26,2,0.0,,True,,Prądnik Czerwony,2026-08-05
ID4zwmg,594624,13.295684552000983,39.12,3.6666338451666167,15200.0,2,1.0,5.0,False,0.0,Prądnik Biały,2026-08-05
ID1bvT9T,549000,13.215853720491667,31.0,3.4339872044851463,17709.68,2,0.0,,True,,Podgórze Duchackie,2026-08-05
ID4C1qv,1300000,14.077874822431763,50.0,3.912023005428146,26000.0,2,3.0,4.0,False,0.0,Stare Miasto,2026-08-05
ID4zwj2,1045240,13.859757082083831,37.33,3.619797292926493,28000.0,1,2.0,3.0,False,0.0,Podgórze,2026-08-05
ID1ahrvu,710000,13.473020249017498,55.7,4.019980146933238,12746.86,3,3.0,,False,,Podgórze Duchackie,2026-08-05
ID4ztFA,790000,13.579788224443204,44.0,3.784189633918261,17954.55,1,4.0,4.0,False,1.0,nieznana,2026-08-05
ID4zf2H,720296,13.48741751762033,47.56,3.861992071822581,15145.0,2,2.0,2.0,False,1.0,Dębniki,2026-08-05
ID4uly8,646261,13.378958725936512,38.15,3.641525757730466,16940.0,2,5.0,5.0,False,1.0,Prądnik Biały,2026-08-05
ID4ADNb,1685010,14.337282056469087,126.49,4.84016325365945,13321.29,5,3.0,4.0,False,0.0,Podgórze,2026-08-05
ID4xw2E,524876,13.170917323200207,33.22,3.503152104185149,15800.0,2,0.0,9.0,True,0.0,nieznana,2026-08-05
ID4BBLq,1228650,14.021426563611858,81.91,4.40562108352751,15000.0,4,5.0,5.0,False,1.0,Dębniki,2026-08-05
ID1brzRs,850500,13.653579690818054,63.0,4.143134726391533,13500.0,3,1.0,,False,,Nowa Huta,2026-08-05
ID4BUex,1332082,14.102253689749196,72.79,4.287578583130166,18300.34,4,3.0,5.0,False,0.0,Prądnik Biały,2026-08-05
ID4vLWt,797572,13.589327391697612,53.89,3.9869449319454056,14800.0,2,0.0,3.0,True,0.0,Bieżanów-Prokocim,2026-08-05
ID4vLWx,811044,13.606077585633251,53.89,3.9869449319454056,15049.99,2,1.0,3.0,False,0.0,Bieżanów-Prokocim,2026-08-05
ID4AMPs,776442,13.56247722464076,51.42,3.940027201837744,15100.0,3,1.0,4.0,False,0.0,Prądnik Czerwony,2026-08-05
ID4CsIh,795000,13.58609739363647,81.0,4.394449154672439,9814.81,3,1.0,2.0,False,0.0,Mistrzejowice,2026-08-05
ID4CoqC,1080000,13.892471599100402,57.0,4.04305126783455,18947.37,2,1.0,10.0,False,0.0,Bronowice,2026-08-05
ID1bv3bA,745000,13.521139497361697,60.4,4.100989104940769,12334.44,3,3.0,,False,,Podgórze Duchackie,2026-08-05
ID4ueMn,885928,13.69439096217676,59.86,4.0920085024245525,14800.0,3,0.0,3.0,True,0.0,Dębniki,2026-08-05
ID4AVXH,720000,13.487006490992238,47.09,3.8520606642554633,15289.87,3,0.0,4.0,True,0.0,nieznana,2026-08-05
ID4uopQ,597000,13.29967239237474,35.24,3.562181801067979,16940.98,2,1.0,3.0,False,0.0,Podgórze Duchackie,2026-08-05
ID4AJLV,569000,13.251635713108469,35.08,3.5576311675039825,16220.07,2,10.0,12.0,False,0.0,nieznana,2026-08-05
ID4CpD2,940000,13.753635154246188,56.0,4.02535169073515,16785.71,3,3.0,9.0,False,0.0,Krowodrza,2026-08-05
ID4ClB4,1799000,14.40274151293267,83.5,4.42484663185681,21544.91,3,4.0,5.0,False,0.0,Krowodrza,2026-08-05
ID4xToC,871442,13.677904589805562,60.94,4.109889773557563,14300.0,3,0.0,2.0,True,0.0,Podgórze Duchackie,2026-08-05
ID4zTkc,839124,13.64011376952278,63.57,4.152141660948318,13200.0,3,7.0,7.0,False,1.0,Mistrzejowice,2026-08-05
ID4CmmM,849000,13.651814465293484,49.15,3.894876846593176,17273.65,3,1.0,4.0,False,0.0,Prądnik Biały,2026-08-05
ID4Cr7c,639000,13.367659733359671,33.3,3.505557396986398,19189.19,1,3.0,4.0,False,0.0,Stare Miasto,2026-08-05
ID4AMPb,563210,13.241407839350158,33.13,3.5004392163118045,17000.0,2,1.0,4.0,False,0.0,Prądnik Czerwony,2026-08-05
ID4u8U7,794438,13.585390225412958,49.1,3.893859034800475,16180.0,2,2.0,5.0,False,0.0,Podgórze,2026-08-05
ID4unfe,700488,13.459532513991483,50.76,3.927108642846187,13800.0,2,1.0,7.0,False,0.0,Prądnik Biały,2026-08-05
ID4ulyd,646346,13.379090243095437,38.11,3.640476714885769,16960.01,2,5.0,5.0,False,1.0,Prądnik Biały,2026-08-05
ID4xTwT,870368,13.676671389702095,73.76,4.300816579248338,11800.0,4,0.0,2.0,True,0.0,Dębniki,2026-08-05
ID4A9c5,700843,13.460039175169454,41.47,3.7249702742582897,16900.0,2,9.0,10.0,False,0.0,Bieżanów-Prokocim,2026-08-05
ID4BFtN,750000,13.527828485512494,50.17,3.9154172384961616,14949.17,3,1.0,3.0,False,0.0,Swoszowice,2026-08-05
ID4unj8,535840,13.191590888028031,33.49,3.5112468868061133,16000.0,1,7.0,7.0,False,1.0,Prądnik Biały,2026-08-05
ID4B0z4,1280780,14.062979825302248,57.86,4.058026299547989,22135.85,3,2.0,7.0,False,0.0,Grzegórzki,2026-08-05
ID4t4xo,945920,13.759913277861864,73.9,4.302712827954156,12800.0,3,2.0,5.0,False,0.0,Prądnik Biały,2026-08-05
ID4Cpkq,1250000,14.038654109278484,65.33,4.179451348852659,19133.63,3,3.0,4.0,False,0.0,Prądnik Biały,2026-08-05
ID4Agn8,1151507,13.956582077251756,70.91,4.261411467315905,16238.99,3,1.0,4.0,False,0.0,Bronowice,2026-08-05
ID4CfTD,781000,13.568330428821824,39.07,3.6653549090669792,19989.76,2,5.0,5.0,False,1.0,Grzegórzki,2026-08-05
ID4AKZl,957572,13.772156193032329,62.18,4.130033404630607,15400.0,3,5.0,6.0,False,0.0,Podgórze Duchackie,2026-08-05
ID4zwme,636272,13.36338142385222,47.84,3.867862109642376,13300.0,2,1.0,5.0,False,0.0,Prądnik Biały,2026-08-05
ID4BiOn,843452,13.645258273599117,56.99,4.0428758138469085,14800.0,3,0.0,3.0,True,0.0,Dębniki,2026-08-05
ID4ug9p,922828,13.735198147257478,54.38,3.995996439204325,16969.99,3,1.0,4.0,False,0.0,Krowodrza,2026-08-05
ID4CqzE,620000,13.337474757021274,25.0,3.218875824868201,24800.0,1,5.0,5.0,False,1.0,Krowodrza,2026-08-05
ID4ulx0,646261,13.378958725936512,38.15,3.641525757730466,16940.0,2,5.0,5.0,False,1.0,Prądnik Biały,2026-08-05
ID4xziu,562456,13.240068187778972,33.68,3.516904189374126,16700.0,1,0.0,2.0,True,0.0,Prądnik Biały,2026-08-05
ID4ACMC,513000,13.148031124152906,41.04,3.714547200862514,12500.0,2,1.0,3.0,False,0.0,Nowa Huta,2026-08-05
ID4BR0E,749000,13.526494262499355,38.0,3.6375861597263857,19710.53,2,1.0,7.0,False,0.0,nieznana,2026-08-05
ID4CfAQ,1360000,14.122995257712237,124.39,4.8234217912218735,10933.35,5,4.0,4.0,False,1.0,Stare Miasto,2026-08-05
ID4uF7O,898972,13.709007167251256,52.19,3.9548909056553216,17224.99,3,0.0,4.0,True,0.0,Prądnik Biały,2026-08-05
ID1bqK8h,670000,13.415032991367148,51.84,3.9481620520440193,12924.38,3,7.0,,False,,Prądnik Czerwony,2026-08-05
ID4BhsU,1283660,14.065225930659205,49.46,3.9011642620932703,25953.5,2,4.0,13.0,False,0.0,Prądnik Czerwony,2026-08-05
ID1bvr0r,549000,13.215853720491667,43.38,3.769998505398728,12655.6,2,7.0,,False,,Bieńczyce,2026-08-05
ID4tJWl,885456,13.69385804552947,61.92,4.125843229281472,14300.0,3,2.0,4.0,False,0.0,Prądnik Biały,2026-08-05
ID4yd2e,587028,13.282827797842977,37.63,3.627801604605346,15600.0,2,3.0,8.0,False,0.0,Podgórze,2026-08-05
ID4Cqip,3063255,14.934988634063686,102.45,4.629374874684909,29900.0,1,1.0,4.0,False,0.0,Podgórze,2026-08-05
ID4Cgha,927150,13.739870643755529,44.15,3.787592927049969,21000.0,2,3.0,6.0,False,0.0,Krowodrza,2026-08-05
ID1bvrl0,425000,12.959844447906551,34.0,3.5263605246161616,12500.0,1,4.0,,False,,Nowa Huta,2026-08-05
ID1bn8w9,2300000,14.648419680899378,98.0,4.584967478670572,23469.39,3,3.0,,False,,Zwierzyniec,2026-08-05
ID4CpZq,1380000,14.137594057133388,74.0,4.30406509320417,18648.65,3,2.0,3.0,False,0.0,Zwierzyniec,2026-08-05
ID4pPRi,776717,13.562831341640852,46.51,3.839667343236006,16700.0,2,0.0,6.0,True,0.0,Podgórze,2026-08-05
ID4AoJn,624680,13.344994797601782,27.16,3.3017453026904953,23000.0,2,4.0,4.0,False,1.0,Stare Miasto,2026-08-05
ID4AMPc,643335,13.374420862883175,38.99,3.663305202994506,16500.0,2,1.0,4.0,False,0.0,Prądnik Czerwony,2026-08-05
ID4BbfD,2804609,14.8467746932833,82.61,4.414130738574414,33949.99,4,3.0,3.0,False,1.0,Stare Miasto,2026-08-05
ID4B6VN,533000,13.186276703147982,26.0,3.258096538021482,20500.0,1,1.0,6.0,False,0.0,Czyżyny,2026-08-05
ID4BnMA,1495000,14.217636764806924,59.8,4.091005660956586,25000.0,2,3.0,6.0,False,0.0,Podgórze,2026-08-05
ID4zwmj,587328,13.283338716178683,38.64,3.654288009344317,15200.0,2,1.0,5.0,False,0.0,Prądnik Biały,2026-08-05
ID4ChAa,1990000,14.503645196700676,98.0,4.584967478670572,20306.12,5,6.0,7.0,False,0.0,Podgórze Duchackie,2026-08-05
ID4unjd,873810,13.68061823970041,65.7,4.185098925490565,13300.0,3,2.0,7.0,False,0.0,Prądnik Biały,2026-08-05
ID4ul6Q,770000,13.554145793829866,45.43,3.816172679771312,16949.15,2,0.0,3.0,True,0.0,nieznana,2026-08-05
ID4CjdF,1340472,14.10853234871154,79.79,4.379398183320189,16800.0,3,0.0,4.0,True,0.0,Podgórze,2026-08-05
ID17Feyz,760000,13.541073712262516,42.0,3.737669618283368,18095.24,2,1.0,,False,,Podgórze,2026-08-05
ID4BXrr,866322,13.67201194291535,65.83,4.187075661479786,13159.99,3,2.0,5.0,False,0.0,Prądnik Biały,2026-08-05
ID4ullZ,895000,13.704578997256991,57.28,4.04795152265239,15625.0,3,1.0,9.0,False,0.0,Podgórze Duchackie,2026-08-05
ID4Asth,1046942,13.861384091947656,78.13,4.358374106008653,13400.0,3,1.0,4.0,False,0.0,Nowa Huta,2026-08-05
ID4BhIE,680000,13.42984807715229,38.2,3.6428355156125294,17801.05,2,2.0,2.0,False,1.0,Stare Miasto,2026-08-05
ID4CdIo,812000,13.607255619143816,44.35,3.792112708755589,18308.91,2,4.0,8.0,False,0.0,Podgórze,2026-08-05
ID4ujlj,671606,13.417427138034837,39.74,3.6823582371236703,16900.0,2,1.0,3.0,False,0.0,Prądnik Biały,2026-08-05
ID4xhFl,965594,13.780498734993046,81.83,4.4046439245392905,11800.0,4,1.0,5.0,False,0.0,Podgórze,2026-08-05
ID4Cl6d,779000,13.565766324852886,51.28,3.9373008126124143,15191.11,3,1.0,1.0,False,1.0,Swoszowice,2026-08-05
ID4Cj1L,508367,13.13895890667066,35.58,3.571783682237689,14288.0,2,1.0,7.0,False,0.0,Prądnik Biały,2026-08-05
ID4zY52,741353,13.516232174109597,52.26,3.9562312600924665,14185.85,2,1.0,3.0,False,0.0,Dębniki,2026-08-05
ID4Cihq,795000,13.58609739363647,45.97,3.8279890098181366,17293.89,2,7.0,7.0,False,1.0,Podgórze,2026-08-05
ID4Clq5,1699999,14.346138220790978,105.0,4.653960350157523,16190.47,5,8.0,8.0,False,1.0,Podgórze,2026-08-05
ID4zXbh,5798520,15.573113270540835,148.68,5.001796345429051,39000.0,4,4.0,4.0,False,1.0,Podgórze,2026-08-05
ID4zwmr,939576,13.75318398865651,71.18,4.265211880082047,13200.0,4,1.0,5.0,False,0.0,Prądnik Biały,2026-08-05
ID4BMA4,979000,13.794286921512647,57.6,4.053522567701846,16996.53,3,3.0,3.0,False,1.0,Bronowice,2026-08-05
ID4ui6k,663600,13.405434837298426,44.24,3.7896293572140793,15000.0,2,2.0,2.0,False,1.0,Bieżanów-Prokocim,2026-08-05
ID4CnAv,875000,13.681979165339753,54.57,3.9994842811981406,16034.45,2,4.0,4.0,False,1.0,Nowa Huta,2026-08-05
ID4yd26,587028,13.282827797842977,37.63,3.627801604605346,15600.0,2,3.0,8.0,False,0.0,Podgórze,2026-08-05
ID4ug95,687570,13.440918921521565,49.13,3.894469846180557,13994.91,2,-1.0,4.0,False,0.0,Krowodrza,2026-08-05
ID1bqhxc,880000,13.687677186454389,58.5,4.069026754237811,15042.74,3,1.0,,False,,Mistrzejowice,2026-08-05
ID4uosd,940000,13.753635154246188,53.6,3.981549068076757,17537.31,3,1.0,7.0,False,0.0,Podgórze,2026-08-05
ID4vIs0,1080670,13.893091777120622,40.78,3.708191765146309,26500.0,2,7.0,13.0,False,0.0,Prądnik Czerwony,2026-08-05
ID15b1uy,1189000,13.988623175672918,47.0,3.8501476017100584,25297.87,2,7.0,,False,,Krowodrza,2026-08-05
ID4Cogf,850000,13.652991628466498,50.0,3.912023005428146,17000.0,2,1.0,3.0,False,0.0,Podgórze Duchackie,2026-08-05
ID4Cjbr,669571,13.41439248778105,44.65,3.798854307322508,14995.99,2,1.0,10.0,False,0.0,Podgórze Duchackie,2026-08-05
ID4CnvK,965000,13.779883380321124,53.1,3.972176928247894,18173.26,2,4.0,4.0,False,1.0,Podgórze,2026-08-05
ID4Cloq,1699999,14.346138220790978,105.23,4.656148430752721,16155.08,4,8.0,8.0,False,1.0,Podgórze Duchackie,2026-08-05
ID4xzip,1047144,13.86157701621211,62.33,4.132442850820759,16800.0,3,1.0,2.0,False,0.0,Prądnik Biały,2026-08-05
ID4CnLQ,1099900,13.910729824545207,60.2,4.097672352314776,18270.76,3,3.0,5.0,False,0.0,Podgórze,2026-08-05
ID4AY76,599000,13.303016877097589,37.71,3.6299253112702656,15884.38,2,1.0,4.0,False,0.0,Podgórze,2026-08-05
ID4AKYV,827546,13.626219973812203,55.54,4.017103481878653,14900.0,3,2.0,6.0,False,0.0,Podgórze Duchackie,2026-08-05
ID4ug9z,750999,13.529159599187462,45.46,3.816832818424398,16520.0,2,0.0,4.0,True,0.0,Krowodrza,2026-08-05
ID4uk4H,838473,13.639337659369176,52.49,3.960622675264208,15973.96,3,4.0,4.0,False,1.0,Prądnik Czerwony,2026-08-05
ID4ASOy,1698000,14.344961645853427,124.35,4.823100170249414,13655.01,5,5.0,5.0,False,1.0,Stare Miasto,2026-08-05
ID1bsfIa,870000,13.676248490630767,53.3,3.975936331171799,16322.7,2,2.0,,False,,Bieńczyce,2026-08-05
ID4CgoJ,715000,13.480037821676143,29.5,3.3843902633457743,24237.29,1,1.0,4.0,False,0.0,nieznana,2026-08-05
ID4CikF,769000,13.55284624848778,41.0,3.713572066704308,18756.1,2,8.0,9.0,False,0.0,Krowodrza,2026-08-05
ID4CmcI,679000,13.428376406540831,79.58,4.376762804998783,8532.29,5,1.0,2.0,False,0.0,Dębniki,2026-08-05
ID4BQdP,675000,13.422467969854669,37.0,3.610917912644224,18243.24,2,1.0,,False,,Prądnik Biały,2026-08-05
ID4ulWv,485975,13.093912461230314,27.77,3.323956301318708,17500.0,1,0.0,5.0,True,0.0,Podgórze,2026-08-05
ID4ip46,650000,13.38472764187182,27.0,3.295836866004329,24074.07,1,1.0,1.0,False,1.0,Grzegórzki,2026-08-05
ID4tKaf,1087500,13.899392041944976,72.5,4.283586561860629,15000.0,4,0.0,2.0,True,0.0,Prądnik Biały,2026-08-05
ID4zwlY,459417,13.03771357334133,27.51,3.3145495749364833,16700.0,1,0.0,5.0,True,0.0,Prądnik Biały,2026-08-05
ID4BdIN,736617,13.50982336173846,85.37,4.446994751022215,8628.52,4,0.0,1.0,True,0.0,Nowa Huta,2026-08-05
ID4Clnn,869000,13.67509840424753,48.0,3.871201010907891,18104.17,3,4.0,5.0,False,0.0,Podgórze,2026-08-05
ID4C0LF,1036480,13.8513409149651,65.6,4.183575695950044,15800.0,3,1.0,3.0,False,0.0,Podgórze,2026-08-05
ID4BHrF,980000,13.795307850646754,48.22,3.875773872753025,20323.52,3,0.0,4.0,True,0.0,Stare Miasto,2026-08-05
ID4zKdz,1089908,13.901603846973412,71.35,4.267597343922845,15275.52,4,2.0,5.0,False,0.0,nieznana,2026-08-05
ID4C8HM,996000,13.811502536566737,63.0,4.143134726391533,15809.52,3,3.0,7.0,False,0.0,Podgórze,2026-08-05
ID4unkg,824070,13.62201075673975,63.39,4.149306120296075,13000.0,3,1.0,7.0,False,0.0,Prądnik Biały,2026-08-05
ID4yd2d,587028,13.282827797842977,37.63,3.627801604605346,15600.0,2,4.0,8.0,False,0.0,Podgórze,2026-08-05
ID4Bs2R,534400,13.188899901204572,32.0,3.4657359027997265,16700.0,1,2.0,4.0,False,0.0,Prądnik Biały,2026-08-05
ID1bwbvJ,675000,13.422467969854669,54.0,3.9889840465642745,12500.0,2,1.0,,False,,Bieńczyce,2026-08-05
ID4who8,668000,13.412043452518782,42.46,3.74856245627511,15732.45,2,2.0,4.0,False,0.0,nieznana,2026-08-05
ID4ACc8,2400000,14.690979295318174,108.0,4.68213122712422,22222.22,4,2.0,3.0,False,0.0,Zwierzyniec,2026-08-05
ID4Cmoq,990000,13.805460222110773,40.0,3.688879454113936,24750.0,2,2.0,7.0,False,0.0,Podgórze,2026-08-05
ID4C3zT,1150000,13.955272500339431,65.83,4.187075661479786,17469.24,2,0.0,2.0,True,0.0,Zwierzyniec,2026-08-05
ID4CoL3,2050447,14.5335683761259,69.85,4.246350085702971,29355.0,3,3.0,6.0,False,0.0,Zwierzyniec,2026-08-05
ID4CoL8,2194338,14.6013909644696,69.85,4.246350085702971,31415.0,3,4.0,6.0,False,0.0,Zwierzyniec,2026-08-05
ID4CuFm,729000,13.499429010990797,40.64,3.7047528032702264,17937.99,2,1.0,8.0,False,0.0,Podgórze Duchackie,2026-08-05
ID1bEw3G,750000,13.527828485512494,47.0,3.8501476017100584,15957.45,3,7.0,,False,,Mistrzejowice,2026-08-05
ID4Chzc,1159000,13.96306812232189,50.23,3.9166124577619534,23073.86,2,0.0,4.0,True,0.0,nieznana,2026-08-05
ID4ClD8,2127947,14.570668223118474,88.45,4.482437420605795,24058.19,4,0.0,2.0,True,0.0,nieznana,2026-08-05
ID4Co0c,949000,13.763164077592064,52.0,3.951243718581427,18250.0,3,7.0,12.0,False,0.0,Stare Miasto,2026-08-05
ID4who9,788000,13.577253368840015,54.91,4.005695481290781,14350.76,3,1.0,4.0,False,0.0,nieznana,2026-08-05
ID4CsEH,1249000,14.037853789107714,69.0,4.23410650459726,18101.45,3,2.0,7.0,False,0.0,Podgórze,2026-08-05
ID4uk3N,974300,13.789474543413432,63.88,4.1570063233468115,15252.04,3,1.0,4.0,False,0.0,Prądnik Czerwony,2026-08-05
ID1aVrJ5,350000,12.765688433465597,26.0,3.258096538021482,13461.54,2,1.0,,False,,Podgórze,2026-08-05
ID4BUIE,1240000,14.03062193758122,66.84,4.202301703727193,18551.77,3,4.0,,False,,Prądnik Czerwony,2026-08-05
ID4Chd7,699000,13.457406021215949,36.18,3.588506479967149,19320.07,2,1.0,4.0,False,0.0,Podgórze,2026-08-05
ID4C05L,806890,13.600942630650373,33.0,3.49650756146648,24451.2,1,1.0,7.0,False,0.0,Podgórze,2026-08-05
ID4CtBF,720000,13.487006490992238,41.5,3.725693427236653,17349.4,1,0.0,3.0,True,0.0,Podgórze,2026-08-05
ID4zY3n,735000,13.507625778194974,43.48,3.7723010622530087,16904.32,2,3.0,5.0,False,0.0,Podgórze,2026-08-05
ID4Ag2w,759956,13.541015815849708,51.85,3.948354934675536,14656.82,3,2.0,6.0,False,0.0,Dębniki,2026-08-05
ID1bsRoN,899000,13.709038313453757,63.0,4.143134726391533,14269.84,3,0.0,,True,,Mistrzejowice,2026-08-05
ID4BBEl,732252,13.503879995993865,52.68,3.964235876875081,13900.0,3,0.0,7.0,True,0.0,Dębniki,2026-08-05
ID1aBjhL,565000,13.244581010128575,29.0,3.367295829986474,19482.76,2,2.0,,False,,Krowodrza,2026-08-05
ID1bbsWC,610500,13.322033572532897,36.0,3.58351893845611,16958.33,1,3.0,,False,,Krowodrza,2026-08-05
ID4C86L,819000,13.615839362835208,48.45,3.880532338336775,16904.02,2,0.0,5.0,True,0.0,Dębniki,2026-08-05
ID1bGVQV,216000,12.283033686666302,16.0,2.772588722239781,13500.0,1,1.0,,False,,Podgórze Duchackie,2026-08-05
ID1bGI1E,306585,12.633250320543988,22.71,3.122805356117467,13500.0,2,2.0,,False,,Podgórze Duchackie,2026-08-05
ID1bsEL2,439000,12.992254692057308,26.0,3.258096538021482,16884.62,1,4.0,,False,,Dębniki,2026-08-05
ID1bAXvd,303480,12.62307098945201,22.48,3.1126260250254902,13500.0,2,2.0,,False,,Podgórze Duchackie,2026-08-05
ID1bxJk8,690000,13.444446876573442,43.8,3.779633817382401,15753.42,2,4.0,,False,,Grzegórzki,2026-08-05
ID1by3LK,1300000,14.077874822431763,61.0,4.110873864173311,21311.48,2,2.0,,False,,Zwierzyniec,2026-08-05
ID1bxq7E,550000,13.217673557208654,30.0,3.4011973816621555,18333.33,1,0.0,,True,,Prądnik Czerwony,2026-08-05
ID4CdQC,618000,13.334243736439827,36.1,3.586292865338835,17119.11,2,0.0,3.0,True,0.0,Podgórze,2026-08-05
ID4C30f,599000,13.303016877097589,44.6,3.7977338590260183,13430.49,2,0.0,4.0,True,0.0,Bieżanów-Prokocim,2026-08-05
ID1b6cHF,1250000,14.038654109278484,56.72,4.038126882223872,22038.08,2,5.0,,False,,Krowodrza,2026-08-05
ID4ClXK,349000,12.762827201184564,35.2,3.5610460826040513,9914.77,2,0.0,2.0,True,0.0,Bieżanów-Prokocim,2026-08-05
ID4CudM,495000,13.112313041550829,37.4,3.6216707044204863,13235.29,2,4.0,4.0,False,1.0,Grzegórzki,2026-08-05
ID4Cq7v,309000,12.641096555879882,28.3,3.342861804649192,10918.73,1,1.0,2.0,False,0.0,Swoszowice,2026-08-05
ID4Cur0,530000,13.180632285528304,46.5,3.8394523125933104,11397.85,2,2.0,3.0,False,0.0,Nowa Huta,2026-08-05
ID4Clr7,160000,11.982929094215963,15.5,2.740840023925201,10322.58,1,0.0,2.0,True,0.0,Swoszowice,2026-08-05
ID4CliN,359000,12.791077667470416,30.0,3.4011973816621555,11966.67,2,,,False,,Swoszowice,2026-08-05
ID4BekO,290000,12.577636201962656,13.72,2.6188546222977394,21137.03,1,0.0,,True,,Podgórze Duchackie,2026-08-05
ID4CuFF,670000,13.415032991367148,52.0,3.951243718581427,12884.62,3,10.0,10.0,False,1.0,Nowa Huta,2026-08-05
ID4C5bd,772900,13.557904953094962,60.0,4.0943445622221,12881.67,3,0.0,4.0,True,0.0,Prądnik Biały,2026-08-05
ID4Csg4,699000,13.457406021215949,45.0,3.80666248977032,15533.33,2,3.0,1.0,False,0.0,Dębniki,2026-08-05
ID4BSf8,1080000,13.892471599100402,110.0,4.700480365792417,9818.18,6,4.0,4.0,False,1.0,Prądnik Biały,2026-08-05
ID4Cunp,799000,13.591116224748411,63.0,4.143134726391533,12682.54,3,1.0,11.0,False,0.0,Czyżyny,2026-08-05
ID4CrSe,450000,13.017002861746503,32.3,3.475067230228611,13931.89,1,1.0,11.0,False,0.0,Bieżanów-Prokocim,2026-08-05
ID4BTti,399000,12.896716695872,25.0,3.218875824868201,15960.0,1,4.0,4.0,False,1.0,Bronowice,2026-08-05
ID4Ct26,575000,13.262125319779487,36.05,3.584906863730958,15950.07,2,8.0,8.0,False,1.0,Mistrzejowice,2026-08-05
ID4Cpqa,505000,13.132313708257495,27.57,3.3167282250357055,18317.01,2,6.0,8.0,False,0.0,Krowodrza,2026-08-05
ID4Cq3W,525000,13.17115354157376,50.0,3.912023005428146,10500.0,3,5.0,5.0,False,1.0,Podgórze,2026-08-05
ID1atV4x,549000,13.215853720491667,37.0,3.610917912644224,14837.84,2,5.0,,False,,Prądnik Biały,2026-08-05
ID4ClyK,749000,13.526494262499355,45.79,3.824065726669004,16357.28,2,4.0,4.0,False,1.0,Podgórze,2026-08-05
ID4CmlX,309000,12.641096555879882,26.0,3.258096538021482,11884.62,2,2.0,2.0,False,1.0,Łagiewniki-Borek Fałęcki,2026-08-05
ID4Cspw,769900,13.554015915266142,70.0,4.248495242049359,10998.57,3,0.0,2.0,True,0.0,Swoszowice,2026-08-05
ID4CpIY,499000,13.120361374733656,46.0,3.828641396489095,10847.83,2,2.0,2.0,False,1.0,Bieńczyce,2026-08-05
ID4yvBi,733638,13.505770997928543,58.81,4.074311908471865,12474.72,4,1.0,3.0,False,0.0,Nowa Huta,2026-08-05
ID4BVPI,303480,12.62307098945201,22.48,3.1126260250254902,13500.0,2,2.0,4.0,False,0.0,Podgórze Duchackie,2026-08-05
ID4ClnL,525000,13.17115354157376,36.0,3.58351893845611,14583.33,2,6.0,10.0,False,0.0,Nowa Huta,2026-08-05
ID4Cr6y,540000,13.199324418540456,38.78,3.6579046498145056,13924.7,2,0.0,4.0,True,0.0,Prądnik Czerwony,2026-08-05
ID4Cu6N,595000,13.296316684527769,49.91,3.9102213834815176,11921.46,3,4.0,4.0,False,1.0,Prądnik Biały,2026-08-05
